image_path,label
data\raw\Persian\44569525_783.jpg,2
data\raw\Pallas\pallas_bdddc92dec96c522_bdddc92d.jpg,4
data\raw\Singapura\singapura_00180_b33b88b8.jpg,1
data\raw\Sphynx\32010769_162.jpg,3
data\raw\Sphynx\26409607_215.jpg,3
data\raw\Persian\persian_00162_c47f1e75.jpg,2
data\raw\Pallas\pallas_0101.jpg,4
data\raw\Singapura\singapura_0004.jpg,1
data\raw\Persian\persian_00023_9aa54edb.jpg,2
data\raw\Sphynx\sphynx_00214_bacfc951.jpg,3
data\raw\Ragdoll\25350813_6209.jpg,0
data\raw\Persian\44195909_925.jpg,2
data\raw\Pallas\pallas_698cb91b7ee0732d_35c698ba.jpg,4
data\raw\Persian\44544058_798.jpg,2
data\raw\Ragdoll\25459539_6176.jpg,0
data\raw\Pallas\pallas_0112.jpg,4
data\raw\Persian\26427541_7379.jpg,2
data\raw\Ragdoll\ragdoll_0028.jpg,0
data\raw\Ragdoll\ragdoll_0060.jpg,0
data\raw\Persian\persian_00072_439cff2d.jpg,2
data\raw\Sphynx\sphynx_00127_54e85d52.jpg,3
data\raw\Pallas\pallas_snipaste-2026-07-15-14-19-47_3404280e.jpg,4
data\raw\Ragdoll\ragdoll_00245_71d22f1c.jpg,0
data\raw\Persian\44880513_660.jpg,2
data\raw\Ragdoll\ragdoll_1-00004_d87b1891.jpg,0
data\raw\Persian\44907361_655.jpg,2
data\raw\Persian\44285801_887.jpg,2
data\raw\Pallas\pallas_59cc56bdbaa06649_a0462f34.jpg,4
data\raw\Sphynx\sphynx_00001_ac1dabac.jpg,3
data\raw\Persian\46523987_21783.jpg,2
data\raw\Pallas\pallas_698cb91b7ee0732k_19499d1f.jpg,4
data\raw\Ragdoll\25522193_6161.jpg,0
data\raw\Pallas\pallas_31e75648cfa888e3_31e75648.jpg,4
data\raw\Ragdoll\ragdoll_00389_8ac7600f.jpg,0
data\raw\Pallas\pallas_14fa9b64ae63da89_14fa9b64.jpg,4
data\raw\Sphynx\sphynx_00276_0ac5e283.jpg,3
data\raw\Persian\44545084_794.jpg,2
data\raw\Singapura\singapura_e3a05f8f02c1878e.jpeg,1
data\raw\Sphynx\sphynx_00140_ce08039e.jpg,3
data\raw\Singapura\singapura_0002.jpg,1
data\raw\Persian\persian_00186_51a5a4ea.jpg,2
data\raw\Ragdoll\ragdoll_00240_363f2948.jpg,0
data\raw\Persian\44943576_626.jpg,2
data\raw\Singapura\singapura_0032.jpg,1
data\raw\Singapura\singapura_00126_8038e132.jpg,1
data\raw\Persian\44700612_732.jpg,2
data\raw\Pallas\P8_jpg.rf.XNf4AikBvAAQrt8CiwYM.jpg,4
data\raw\Pallas\pallas_df5dfcc9e2601824_df5dfcc9.jpg,4
data\raw\Persian\44482779_815.jpg,2
data\raw\Sphynx\sphynx_00289_83d2f55a.jpg,3
data\raw\Pallas\pallas_0144.jpg,4
data\raw\Ragdoll\ragdoll_00288_9a8c4c93.jpg,0
data\raw\Sphynx\43689309_29.jpg,3
data\raw\Persian\persian_00262_735b2ffc.jpg,2
data\raw\Ragdoll\ragdoll_00247_35144185.jpg,0
data\raw\Persian\persian_00330_35bc3b20.jpg,2
data\raw\Persian\43851928_1068.jpg,2
data\raw\Pallas\pallas_25d371bd1e202f6a_65b863fe.jpg,4
data\raw\Ragdoll\ragdoll_00020_baa4e31c.jpg,0
data\raw\Pallas\pallas_0092.jpg,4
data\raw\Pallas\pallas_b494f1bfe0180b45_b494f1bf.jpg,4
data\raw\Ragdoll\ragdoll_0137.jpg,0
data\raw\Pallas\download_jpg.rf.qZ3CVqE333hKLMF0qVsF.jpg,4
data\raw\Persian\44771424_706.jpg,2
data\raw\Sphynx\sphynx_00077_3f94b7a1.jpg,3
data\raw\Sphynx\24661358_236.jpg,3
data\raw\Sphynx\Sphynx_31.jpg,3
data\raw\Ragdoll\ragdoll_00212_efda601a.jpg,0
data\raw\Pallas\pallas_0088.jpg,4
data\raw\Persian\persian_00144_fbc8cdd9.jpg,2
data\raw\Pallas\pallas_0001.jpg,4
data\raw\Pallas\P23_jpg.rf.xqIV2i0ZMXEXjGrBOe2I.jpg,4
data\raw\Pallas\P35_jpg.rf.TvKe9LXkj01At5DkJ0zx.jpg,4
data\raw\Singapura\singapura_cdf219c83b5ad975.jpeg,1
data\raw\Singapura\singapura_877828f0407ad5b8.jpg,1
data\raw\Sphynx\Sphynx_61.jpg,3
data\raw\Ragdoll\ragdoll_1-00023_9164f650.jpg,0
data\raw\Ragdoll\ragdoll_0036.jpg,0
data\raw\Persian\persian_00289_11c7b2c1.jpg,2
data\raw\Persian\44817896_686.jpg,2
data\raw\Sphynx\sphynx_00184_89538550.jpg,3
data\raw\Pallas\pallas_8bba1bfcd8c993f6_8bba1bfc.jpg,4
data\raw\Pallas\pallas_23115296e91ea211_23115296.jpg,4
data\raw\Sphynx\sphynx_00186_2783c8bb.jpg,3
data\raw\Persian\persian_00308_45a83e5f.jpg,2
data\raw\Persian\26441409_7373.jpg,2
data\raw\Ragdoll\ragdoll_00289_95a921a2.jpg,0
data\raw\Pallas\pallas_0072.jpg,4
data\raw\Singapura\singapura_00119_9d5d9f8a.jpg,1
data\raw\Singapura\singapura_0f2efc02e2ce8786.jpeg,1
data\raw\Persian\46421146_32949.jpg,2
data\raw\Singapura\singapura_00176_5109c9b3.jpg,1
data\raw\Singapura\singapura_00010_89aa0b53.jpg,1
data\raw\Persian\persian_00361_f482c489.jpg,2
data\raw\Pallas\pallas_d1be88869e1cecc5_d1be8886.jpg,4
data\raw\Singapura\singapura_0017.jpg,1
data\raw\Pallas\pallas_0056.jpg,4
data\raw\Ragdoll\ragdoll_0174.jpg,0
data\raw\Ragdoll\ragdoll_00380_96e28cd0.jpg,0
data\raw\Sphynx\sphynx_00239_74b27c0c.jpg,3
data\raw\Pallas\pallas_0060.jpg,4
data\raw\Sphynx\18332395_299.jpg,3
data\raw\Pallas\pallas_45acfdac99fb232d_45acfdac.jpg,4
data\raw\Singapura\singapura_00255_4f953b99.jpg,1
data\raw\Ragdoll\ragdoll_00336_1a29221e.jpg,0
data\raw\Ragdoll\26183293_5954.jpg,0
data\raw\Persian\44868266_668.jpg,2
data\raw\Singapura\singapura_00261_23a2bf20.jpg,1
data\raw\Singapura\singapura_00012_0039a9b1.jpg,1
data\raw\Sphynx\19304318_288.jpg,3
data\raw\Ragdoll\25157065_6276.jpg,0
data\raw\Sphynx\20193489_272.jpg,3
data\raw\Pallas\pallas_0093.jpg,4
data\raw\Sphynx\sphynx_00333_967b3109.jpg,3
data\raw\Sphynx\28625831_196.jpg,3
data\raw\Pallas\pallas_3231ee14f5fa79d7_3231ee14.jpg,4
data\raw\Sphynx\40100885_69.jpg,3
data\raw\Singapura\singapura_00008_42db76ed.jpg,1
data\raw\Persian\persian_00044_0a367643.jpg,2
data\raw\Singapura\singapura_00253_47790f33.jpg,1
data\raw\Persian\46497043_24921.jpg,2
data\raw\Pallas\pallas_2f7fc37a96fa0fcf_2f7fc37a.jpg,4
data\raw\Singapura\singapura_00159_0b011ebd.jpg,1
data\raw\Sphynx\sphynx_00264_3402fade.jpg,3
data\raw\Sphynx\sphynx_00092_11d1a503.jpg,3
data\raw\Singapura\singapura_0046.jpg,1
data\raw\Ragdoll\ragdoll_00170_21b06747.jpg,0
data\raw\Ragdoll\ragdoll_00221_ad761217.jpg,0
data\raw\Singapura\singapura_331409c4352da155.jpg,1
data\raw\Sphynx\sphynx_00124_9b5e9e19.jpg,3
data\raw\Ragdoll\37052711_2712.jpg,0
data\raw\Persian\44477362_820.jpg,2
data\raw\Pallas\pallas_0046.jpg,4
data\raw\Ragdoll\ragdoll_0071.jpg,0
data\raw\Sphynx\sphynx_00016_89813227.jpg,3
data\raw\Persian\44579770_775.jpg,2
data\raw\Sphynx\24741780_234.jpg,3
data\raw\Sphynx\sphynx_00294_9b255d17.jpg,3
data\raw\Sphynx\sphynx_00330_43836597.jpg,3
data\raw\Persian\persian_00319_a37ab4df.jpg,2
data\raw\Sphynx\24657373_237.jpg,3
data\raw\Ragdoll\ragdoll_1-00027_9e4400c8.jpg,0
data\raw\Ragdoll\ragdoll_00375_c2bc457d.jpg,0
data\raw\Singapura\singapura_00238_957400d5.jpg,1
data\raw\Singapura\singapura_00009_fc402f9b.jpg,1
data\raw\Sphynx\39992315_71.jpg,3
data\raw\Singapura\singapura_00107_b889fa1a.jpg,1
data\raw\Singapura\singapura_77300ca518b5a594.jpeg,1
data\raw\Persian\44856225_675.jpg,2
data\raw\Persian\44519629_806.jpg,2
data\raw\Ragdoll\ragdoll_00327_c45e9082.jpg,0
data\raw\Sphynx\36757204_105.jpg,3
data\raw\Persian\46679067_35.jpg,2
data\raw\Pallas\pallas_0145.jpg,4
data\raw\Persian\46733760_10.jpg,2
data\raw\Pallas\pallas_cb82ac88a3d88a1f_cb82ac88.jpg,4
data\raw\Sphynx\21748994_262.jpg,3
data\raw\Pallas\pallas_0050.jpg,4
data\raw\Persian\persian_00255_c8400684.jpg,2
data\raw\Persian\46435672_31309.jpg,2
data\raw\Sphynx\sphynx_00057_868c597b.jpg,3
data\raw\Ragdoll\37068652_2710.jpg,0
data\raw\Ragdoll\25398272_6197.jpg,0
data\raw\Sphynx\23718616_244.jpg,3
data\raw\Ragdoll\ragdoll_0199.jpg,0
data\raw\Sphynx\Sphynx_25.jpg,3
data\raw\Persian\persian_00088_837c2629.jpg,2
data\raw\Persian\46679078_28.jpg,2
data\raw\Ragdoll\25408505_6192.jpg,0
data\raw\Persian\46511375_23275.jpg,2
data\raw\Pallas\pallas_91b9c8e458a7f2b4_91b9c8e4.jpg,4
data\raw\Persian\26431475_7377.jpg,2
data\raw\Persian\44522701_804.jpg,2
data\raw\Persian\persian_00051_5ab190b7.jpg,2
data\raw\Singapura\singapura_1-00004_7f3d96a3.jpg,1
data\raw\Singapura\singapura_1-00010_536367a7.jpg,1
data\raw\Ragdoll\ragdoll_00116_7014583a.jpg,0
data\raw\Sphynx\Sphynx_15.jpg,3
data\raw\Sphynx\39871977_72.jpg,3
data\raw\Pallas\pallas_0119.jpg,4
data\raw\Sphynx\Sphynx_41.jpg,3
data\raw\Singapura\singapura_00313_14663442.jpg,1
data\raw\Pallas\pallas_0131.jpg,4
data\raw\Ragdoll\25426092_6190.jpg,0
data\raw\Sphynx\sphynx_00150_9022edd7.jpg,3
data\raw\Pallas\pallas_0043.jpg,4
data\raw\Singapura\singapura_e9b3a2a9d7187655.jpeg,1
data\raw\Ragdoll\ragdoll_0141.jpg,0
data\raw\Ragdoll\ragdoll_00089_eccfcc9d.jpg,0
data\raw\Singapura\singapura_efbd86541f82d24a.jpeg,1
data\raw\Ragdoll\ragdoll_00035_5bc87dcc.jpg,0
data\raw\Pallas\pallas_0047.jpg,4
data\raw\Ragdoll\ragdoll_00027_37d229fa.jpg,0
data\raw\Persian\46545728_19152.jpg,2
data\raw\Ragdoll\25440548_6182.jpg,0
data\raw\Persian\persian_00070_dead0c34.jpg,2
data\raw\Sphynx\37963711_91.jpg,3
data\raw\Persian\46740749_4.jpg,2
data\raw\Sphynx\38899046_81.jpg,3
data\raw\Singapura\singapura_7ddb580f72c501f4.jpg,1
data\raw\Persian\persian_00221_21b730b7.jpg,2
data\raw\Persian\persian_00258_88c59c0b.jpg,2
data\raw\Ragdoll\ragdoll_0096.jpg,0
data\raw\Singapura\singapura_0034.jpg,1
data\raw\Ragdoll\ragdoll_00275_83f7773e.jpg,0
data\raw\Ragdoll\ragdoll_0023.jpg,0
data\raw\Persian\46664674_1344.jpg,2
data\raw\Singapura\singapura_6f91babdb17fc10e.jpeg,1
data\raw\Sphynx\Sphynx_89.jpg,3
data\raw\Sphynx\31403090_175.jpg,3
data\raw\Pallas\pallas_0124.jpg,4
data\raw\Sphynx\sphynx_00007_05dd0160.jpg,3
data\raw\Persian\46719895_12.jpg,2
data\raw\Pallas\pallas_0065.jpg,4
data\raw\Ragdoll\ragdoll_0017.jpg,0
data\raw\Ragdoll\ragdoll_0089.jpg,0
data\raw\Persian\44487218_813.jpg,2
data\raw\Ragdoll\26327782_5901.jpg,0
data\raw\Sphynx\sphynx_00112_4d5f9690.jpg,3
data\raw\Sphynx\sphynx_00270_51bb48c2.jpg,3
data\raw\Ragdoll\ragdoll_0058.jpg,0
data\raw\Pallas\pallas_0032.jpg,4
data\raw\Sphynx\Sphynx_54.jpg,3
data\raw\Singapura\singapura_00179_12873d1d.jpg,1
data\raw\Ragdoll\ragdoll_0043.jpg,0
data\raw\Pallas\pallas_0139.jpg,4
data\raw\Sphynx\sphynx_00243_fa9e6c4c.jpg,3
data\raw\Sphynx\sphynx_00350_6d5a925c.jpg,3
data\raw\Sphynx\sphynx_00109_a843109d.jpg,3
data\raw\Pallas\pallas_495b29c4deeac1e7_495b29c4.jpg,4
data\raw\Ragdoll\ragdoll_00065_0815de70.jpg,0
data\raw\Ragdoll\25463197_6173.jpg,0
data\raw\Persian\46696547_918.jpg,2
data\raw\Ragdoll\ragdoll_0072.jpg,0
data\raw\Singapura\singapura_00031_39b52c87.jpg,1
data\raw\Ragdoll\ragdoll_00102_1f237126.jpg,0
data\raw\Ragdoll\ragdoll_00407_24fcf3d6.jpg,0
data\raw\Singapura\singapura_561cb5ed674e2de6.jpeg,1
data\raw\Sphynx\33187166_147.jpg,3
data\raw\Sphynx\Sphynx_121.jpg,3
data\raw\Ragdoll\ragdoll_0113.jpg,0
data\raw\Sphynx\32010764_163.jpg,3
data\raw\Ragdoll\ragdoll_00413_e1608249.jpg,0
data\raw\Singapura\singapura_00273_8a07190e.jpg,1
data\raw\Sphynx\sphynx_00180_f58ea342.jpg,3
data\raw\Persian\43801189_1089.jpg,2
data\raw\Pallas\pallas_c7b0776db179918c_c7b0776d.jpg,4
data\raw\Singapura\singapura_ef48840ed786b4e5.jpg,1
data\raw\Ragdoll\ragdoll_00192_cb233dab.jpg,0
data\raw\Singapura\singapura_22771880067e360f.jpg,1
data\raw\Singapura\singapura_00092_f92cecbe.jpg,1
data\raw\Pallas\pallas_668534515470b7ff_66853451.jpg,4
data\raw\Sphynx\46176787_54835.jpg,3
data\raw\Persian\43900270_1043.jpg,2
data\raw\Singapura\singapura_63c7331ccd2361cb.jpeg,1
data\raw\Sphynx\sphynx_00352_3f962a58.jpg,3
data\raw\Ragdoll\ragdoll_0059.jpg,0
data\raw\Persian\persian_00256_2a74e90a.jpg,2
data\raw\Singapura\singapura_0020.jpg,1
data\raw\Ragdoll\ragdoll_0055.jpg,0
data\raw\Pallas\pallas_0019.jpg,4
data\raw\Singapura\singapura_00071_a3614a9a.jpg,1
data\raw\Pallas\P56_jpg.rf.JhRYu2hoEPDBrdX6aiJO.jpg,4
data\raw\Sphynx\Sphynx_44.jpg,3
data\raw\Persian\persian_00343_08471b2e.jpg,2
data\raw\Sphynx\25315083_228.jpg,3
data\raw\Ragdoll\ragdoll_0084.jpg,0
data\raw\Sphynx\31275252_176.jpg,3
data\raw\Ragdoll\ragdoll_00258_dc9ec253.jpg,0
data\raw\Sphynx\43797598_28.jpg,3
data\raw\Pallas\pallas_1196eb901d5dd582_1196eb90.jpg,4
data\raw\Sphynx\25302810_229.jpg,3
data\raw\Pallas\pallas_0149.jpg,4
data\raw\Ragdoll\26193707_5949.jpg,0
data\raw\Ragdoll\ragdoll_0038.jpg,0
data\raw\Pallas\pallas_0036.jpg,4
data\raw\Persian\persian_00160_7466543b.jpg,2
data\raw\Pallas\pallas_7acd371ecd12bf8a_7acd371e.jpg,4
data\raw\Pallas\pallas_0157.jpg,4
data\raw\Ragdoll\ragdoll_0065.jpg,0
data\raw\Ragdoll\ragdoll_0066.jpg,0
data\raw\Singapura\singapura_00296_fee4cfe0.jpg,1
data\raw\Singapura\singapura_0037.jpg,1
data\raw\Ragdoll\ragdoll_0154.jpg,0
data\raw\Sphynx\39382478_75.jpg,3
data\raw\Singapura\singapura_60884c6b1514287d.jpg,1
data\raw\Persian\44388473_849.jpg,2
data\raw\Persian\persian_00272_ed408bb2.jpg,2
data\raw\Ragdoll\25428256_6187.jpg,0
data\raw\Ragdoll\ragdoll_00051_a7330e69.jpg,0
data\raw\Sphynx\sphynx_00342_dfd2194a.jpg,3
data\raw\Pallas\pallas_0115.jpg,4
data\raw\Persian\persian_00301_e5a55fd1.jpg,2
data\raw\Sphynx\sphynx_00203_48a90f7b.jpg,3
data\raw\Pallas\pallas_ac8ca70f87caa954_ac8ca70f.jpg,4
data\raw\Ragdoll\ragdoll_0093.jpg,0
data\raw\Sphynx\Sphynx_19.jpg,3
data\raw\Sphynx\sphynx_00130_e5537c9c.jpg,3
data\raw\Ragdoll\ragdoll_0118.jpg,0
data\raw\Singapura\singapura_f11831ea5594e12b.jpeg,1
data\raw\Sphynx\sphynx_00113_2cea9c88.jpg,3
data\raw\Sphynx\28876991_195.jpg,3
data\raw\Sphynx\43539196_31.jpg,3
data\raw\Persian\persian_00231_80d3b800.jpg,2
data\raw\Pallas\pallas_0010.jpg,4
data\raw\Sphynx\sphynx_00149_8c77f30a.jpg,3
data\raw\Pallas\pallas_db4f67da181609a5_db4f67da.jpg,4
data\raw\Persian\44552141_791.jpg,2
data\raw\Sphynx\Sphynx_28.jpg,3
data\raw\Sphynx\Sphynx_39.jpg,3
data\raw\Pallas\pallas_0097.jpg,4
data\raw\Persian\44362071_860.jpg,2
data\raw\Sphynx\37155067_102.jpg,3
data\raw\Ragdoll\ragdoll_0095.jpg,0
data\raw\Ragdoll\ragdoll_00269_c0b7be0c.jpg,0
data\raw\Ragdoll\ragdoll_0010.jpg,0
data\raw\Persian\43810765_1086.jpg,2
data\raw\Sphynx\sphynx_00074_5a60b378.jpg,3
data\raw\Sphynx\Sphynx_3.jpg,3
data\raw\Pallas\pallas_0117.jpg,4
data\raw\Ragdoll\ragdoll_00162_817a5470.jpg,0
data\raw\Singapura\singapura_00204_a6155515.jpg,1
data\raw\Persian\persian_00265_8f34dcfe.jpg,2
data\raw\Ragdoll\ragdoll_00128_6f30a718.jpg,0
data\raw\Ragdoll\25505112_6168.jpg,0
data\raw\Persian\44805912_696.jpg,2
data\raw\Ragdoll\ragdoll_00309_6dab6800.jpg,0
data\raw\Singapura\singapura_00023_3b69cf02.jpg,1
data\raw\Ragdoll\ragdoll_0037.jpg,0
data\raw\Pallas\pallas_ae27366361333eb4_ae273663.jpg,4
data\raw\Sphynx\sphynx_00290_4cdb54c0.jpg,3
data\raw\Ragdoll\ragdoll_0104.jpg,0
data\raw\Ragdoll\26174725_5965.jpg,0
data\raw\Singapura\singapura_0031.jpg,1
data\raw\Persian\persian_00129_38325976.jpg,2
data\raw\Singapura\singapura_0035.jpg,1
data\raw\Pallas\pallas_5f2a227c6272a6c7_5f2a227c.jpg,4
data\raw\Persian\persian_00086_ee6acf1b.jpg,2
data\raw\Pallas\pallas_df22ed1b455f0001_df22ed1b.jpg,4
data\raw\Ragdoll\ragdoll_00017_8cc10ca6.jpg,0
data\raw\Sphynx\31857845_168.jpg,3
data\raw\Persian\persian_00338_20affe8f.jpg,2
data\raw\Pallas\pallas_7fa36b2270fd7c10_7fa36b22.jpg,4
data\raw\Ragdoll\ragdoll_00033_7557c120.jpg,0
data\raw\Sphynx\20193452_274.jpg,3
data\raw\Persian\persian_00327_943bf3db.jpg,2
data\raw\Persian\44087239_973.jpg,2
data\raw\Ragdoll\ragdoll_00223_f82bf632.jpg,0
data\raw\Singapura\singapura_12279ca0fd2753ac.jpeg,1
data\raw\Ragdoll\25522222_6160.jpg,0
data\raw\Sphynx\32612016_157.jpg,3
data\raw\Persian\46511511_23263.jpg,2
data\raw\Ragdoll\ragdoll_00368_ce28ef57.jpg,0
data\raw\Ragdoll\ragdoll_00441_02f85cde.jpg,0
data\raw\Persian\46705015_19.jpg,2
data\raw\Persian\43832476_1075.jpg,2
data\raw\Sphynx\45221377_15.jpg,3
data\raw\Singapura\singapura_00148_aff47ff9.jpg,1
data\raw\Persian\persian_00090_955be87e.jpg,2
data\raw\Persian\46445360_30312.jpg,2
data\raw\Sphynx\Sphynx_46.jpg,3
data\raw\Singapura\singapura_00291_283c3f6e.jpg,1
data\raw\Ragdoll\ragdoll_0152.jpg,0
data\raw\Sphynx\Sphynx_55.jpg,3
data\raw\Pallas\pallas_271caabfa0df975a_7f71c79f.jpg,4
data\raw\Persian\persian_00296_1d51106f.jpg,2
data\raw\Pallas\pallas_0017.jpg,4
data\raw\Ragdoll\25459526_6177.jpg,0
data\raw\Persian\43751295_1111.jpg,2
data\raw\Pallas\P55_jpg.rf.zDKde5VsWZks7inrgACT.jpg,4
data\raw\Ragdoll\ragdoll_0176.jpg,0
data\raw\Pallas\pallas_0024.jpg,4
data\raw\Persian\persian_00155_d7cd92b9.jpg,2
data\raw\Ragdoll\25519282_6162.jpg,0
data\raw\Ragdoll\26191476_5950.jpg,0
data\raw\Ragdoll\ragdoll_0130.jpg,0
data\raw\Pallas\pallas_46b02c9b45c5ca9g_36d71a5b.jpg,4
data\raw\Singapura\singapura_ba794882affeb341.jpg,1
data\raw\Ragdoll\ragdoll_00050_63195412.jpg,0
data\raw\Persian\persian_00303_5defe0e3.jpg,2
data\raw\Sphynx\sphynx_00343_07955cda.jpg,3
data\raw\Persian\44895558_657.jpg,2
data\raw\Singapura\singapura_0049.jpg,1
data\raw\Singapura\singapura_00270_7d5f4130.jpg,1
data\raw\Persian\persian_00083_f17b00e7.jpg,2
data\raw\Ragdoll\ragdoll_00150_99b24dc4.jpg,0
data\raw\Ragdoll\26302116_5910.jpg,0
data\raw\Singapura\singapura_886a991c04753a46.jpg,1
data\raw\Singapura\singapura_00276_7fb25ae7.jpg,1
data\raw\Singapura\singapura_00121_c2f54de7.jpg,1
data\raw\Ragdoll\ragdoll_0110.jpg,0
data\raw\Ragdoll\ragdoll_00074_c7dec909.jpg,0
data\raw\Ragdoll\36897055_2742.jpg,0
data\raw\Persian\43735974_1123.jpg,2
data\raw\Ragdoll\ragdoll_00431_efe42867.jpg,0
data\raw\Pallas\pallas_0089.jpg,4
data\raw\Sphynx\30693962_182.jpg,3
data\raw\Singapura\singapura_187444872210184c.jpeg,1
data\raw\Singapura\singapura_21002fd1862a352e.jpeg,1
data\raw\Persian\persian_00290_34f1af37.jpg,2
data\raw\Persian\persian_00084_19884b4d.jpg,2
data\raw\Ragdoll\ragdoll_00062_b0c084b1.jpg,0
data\raw\Persian\44087179_975.jpg,2
data\raw\Pallas\pallas_7043102baf334b88_7043102b.jpg,4
data\raw\Persian\43832454_1076.jpg,2
data\raw\Pallas\pallas_377ec415feb8552a_377ec415.jpg,4
data\raw\Sphynx\sphynx_00042_0d610a03.jpg,3
data\raw\Singapura\singapura_00304_bf6920a8.jpg,1
data\raw\Sphynx\sphynx_00091_14dfc86e.jpg,3
data\raw\Singapura\singapura_00188_c35c2981.jpg,1
data\raw\Ragdoll\ragdoll_00114_444ae91f.jpg,0
data\raw\Sphynx\sphynx_00183_b87f2e1b.jpg,3
data\raw\Ragdoll\ragdoll_0145.jpg,0
data\raw\Pallas\pallas_0069.jpg,4
data\raw\Persian\persian_00135_2249dbb2.jpg,2
data\raw\Singapura\singapura_00040_09e093bb.jpg,1
data\raw\Pallas\pallas_0094.jpg,4
data\raw\Ragdoll\ragdoll_00164_96037e7a.jpg,0
data\raw\Persian\persian_00097_0d068f83.jpg,2
data\raw\Singapura\singapura_00134_02ce85b0.jpg,1
data\raw\Persian\44873447_665.jpg,2
data\raw\Persian\44718355_728.jpg,2
data\raw\Ragdoll\25379279_6203.jpg,0
data\raw\Persian\persian_00104_e33283b9.jpg,2
data\raw\Singapura\singapura_04ed6d80c3f70c27.jpeg,1
data\raw\Pallas\pallas_e0026c7662f855e6_e0026c76.jpg,4
data\raw\Ragdoll\ragdoll_00268_0638448e.jpg,0
data\raw\Sphynx\sphynx_00073_9bf367b4.jpg,3
data\raw\Pallas\P14_jpg.rf.SQOwr1PR5us02DNHJY3n.jpg,4
data\raw\Persian\44873443_666.jpg,2
data\raw\Ragdoll\ragdoll_00105_6001c331.jpg,0
data\raw\Persian\44931398_638.jpg,2
data\raw\Ragdoll\ragdoll_0186.jpg,0
data\raw\Pallas\P6_jpg.rf.CdhIiWVC5NV47gsPuQCS.jpg,4
data\raw\Sphynx\sphynx_00011_2e056028.jpg,3
data\raw\Ragdoll\ragdoll_00121_3a5d3b28.jpg,0
data\raw\Sphynx\Sphynx_112.jpg,3
data\raw\Pallas\pallas_0064.jpg,4
data\raw\Ragdoll\ragdoll_00362_82d8a461.jpg,0
data\raw\Ragdoll\ragdoll_00042_85f66021.jpg,0
data\raw\Pallas\pallas_b1cf174b2acbf7b7_b1cf174b.jpg,4
data\raw\Persian\44382486_854.jpg,2
data\raw\Singapura\singapura_00034_27919b4a.jpg,1
data\raw\Ragdoll\ragdoll_0189.jpg,0
data\raw\Singapura\singapura_00260_71db453d.jpg,1
data\raw\Sphynx\sphynx_00147_4b948cfd.jpg,3
data\raw\Sphynx\37209418_101.jpg,3
data\raw\Ragdoll\ragdoll_0177.jpg,0
data\raw\Pallas\pallas_8126531b38ecd47c_8126531b.jpg,4
data\raw\Sphynx\Sphynx_77.jpg,3
data\raw\Pallas\pallas_eef0b0cfd8ad76d4_f50dcacc.jpg,4
data\raw\Pallas\pallas_51c40e82475a0410_51c40e82.jpg,4
data\raw\Pallas\pallas_b6438adae966cdbc_b6438ada.jpg,4
data\raw\Ragdoll\ragdoll_00278_c10919ff.jpg,0
data\raw\Ragdoll\ragdoll_00046_e88f8001.jpg,0
data\raw\Persian\44134058_948.jpg,2
data\raw\Ragdoll\ragdoll_0052.jpg,0
data\raw\Singapura\singapura_0009.jpg,1
data\raw\Pallas\pallas_710e7688dd3efa3d_710e7688.jpg,4
data\raw\Sphynx\28899737_194.jpg,3
data\raw\Persian\46525947_21518.jpg,2
data\raw\Sphynx\Sphynx_117.jpg,3
data\raw\Ragdoll\25359461_6207.jpg,0
data\raw\Sphynx\35965177_109.jpg,3
data\raw\Pallas\pallas_0006.jpg,4
data\raw\Singapura\singapura_d7dc6972c4f59511.jpeg,1
data\raw\Persian\persian_00228_75346bdb.jpg,2
data\raw\Singapura\singapura_00283_e40aa775.jpg,1
data\raw\Ragdoll\ragdoll_00412_71863e62.jpg,0
data\raw\Sphynx\sphynx_00008_526bee52.jpg,3
data\raw\Pallas\pallas_0113.jpg,4
data\raw\Ragdoll\37006514_2719.jpg,0
data\raw\Pallas\pallas_7211fb15834bff4d_7211fb15.jpg,4
data\raw\Pallas\pallas_0140.jpg,4
data\raw\Persian\persian_00069_67a1a5e3.jpg,2
data\raw\Persian\persian_00102_f73d9fb9.jpg,2
data\raw\Persian\persian_00101_a7529249.jpg,2
data\raw\Persian\persian_00194_10225e74.jpg,2
data\raw\Singapura\singapura_bfbdc14739e8800b.jpeg,1
data\raw\Ragdoll\ragdoll_0077.jpg,0
data\raw\Persian\persian_00025_6924b41f.jpg,2
data\raw\Singapura\singapura_8d140014cb13f8d1.jpeg,1
data\raw\Persian\44943578_625.jpg,2
data\raw\Sphynx\18776014_294.jpg,3
data\raw\Singapura\singapura_00049_27826bae.jpg,1
data\raw\Singapura\singapura_1ad2620926f9db53.jpg,1
data\raw\Sphynx\sphynx_00291_d8509b70.jpg,3
data\raw\Sphynx\Sphynx_12.jpg,3
data\raw\Sphynx\sphynx_00119_cce1d28b.jpg,3
data\raw\Pallas\pallas_0129.jpg,4
data\raw\Sphynx\Sphynx_116.jpg,3
data\raw\Pallas\pallas_0143.jpg,4
data\raw\Singapura\singapura_880dc9d84a91346d.jpg,1
data\raw\Persian\44817408_687.jpg,2
data\raw\Ragdoll\ragdoll_0184.jpg,0
data\raw\Ragdoll\ragdoll_0080.jpg,0
data\raw\Ragdoll\ragdoll_00334_2a517534.jpg,0
data\raw\Sphynx\sphynx_00188_e21c33e6.jpg,3
data\raw\Persian\44744416_717.jpg,2
data\raw\Pallas\pallas_de3e5ad5d4f4e9c1_de3e5ad5.jpg,4
data\raw\Ragdoll\ragdoll_00196_1a833e03.jpg,0
data\raw\Singapura\singapura_00067_a66c4ca3.jpg,1
data\raw\Pallas\pallas_0009.jpg,4
data\raw\Ragdoll\ragdoll_1-00009_f7229406.jpg,0
data\raw\Sphynx\sphynx_00075_0eaeb04e.jpg,3
data\raw\Persian\persian_00131_b3334c8b.jpg,2
data\raw\Pallas\pallas_0147.jpg,4
data\raw\Pallas\pallas_0274172cff21c3dc_0274172c.jpg,4
data\raw\Pallas\pallas_0005.jpg,4
data\raw\Sphynx\24971326_233.jpg,3
data\raw\Pallas\pallas_0109.jpg,4
data\raw\Persian\44945066_624.jpg,2
data\raw\Ragdoll\ragdoll_0125.jpg,0
data\raw\Persian\persian_00287_b4ecda9f.jpg,2
data\raw\Sphynx\sphynx_00283_6410cba9.jpg,3
data\raw\Persian\44471228_822.jpg,2
data\raw\Sphynx\37833250_93.jpg,3
data\raw\Sphynx\26327300_220.jpg,3
data\raw\Persian\persian_00074_a3219ae3.jpg,2
data\raw\Pallas\pallas_0029.jpg,4
data\raw\Pallas\P52_jpg.rf.A88gaiGI5erVzy9B6qXM.jpg,4
data\raw\Sphynx\sphynx_00286_a3481d25.jpg,3
data\raw\Ragdoll\25175538_6269.jpg,0
data\raw\Singapura\singapura_0044.jpg,1
data\raw\Persian\persian_00112_1ad09475.jpg,2
data\raw\Sphynx\31736281_171.jpg,3
data\raw\Singapura\singapura_00112_5caa9996.jpg,1
data\raw\Singapura\singapura_00045_14c0cf79.jpg,1
data\raw\Sphynx\34776897_120.jpg,3
data\raw\Pallas\pallas_b252bbb46489c57a_b252bbb4.jpg,4
data\raw\Ragdoll\ragdoll_0195.jpg,0
data\raw\Pallas\P7_jpg.rf.eeYhe5OYn65Pa7OgfZFn.jpg,4
data\raw\Pallas\pallas_544bc0f7fab43db0_544bc0f7.jpg,4
data\raw\Persian\43884035_1060.jpg,2
data\raw\Ragdoll\ragdoll_00018_f4a76ab3.jpg,0
data\raw\Pallas\pallas_bd6da6e9adbf1cb3_bd6da6e9.jpg,4
data\raw\Ragdoll\ragdoll_00098_b26a543e.jpg,0
data\raw\Singapura\singapura_00181_492a44b4.jpg,1
data\raw\Pallas\pallas_b9b69bfdea6beb2e_213ae9c8.jpg,4
data\raw\Persian\44667644_750.jpg,2
data\raw\Pallas\pallas_0053.jpg,4
data\raw\Singapura\singapura_6654a9c87165dd05.jpeg,1
data\raw\Sphynx\22351044_254.jpg,3
data\raw\Ragdoll\ragdoll_00266_0a2cd426.jpg,0
data\raw\Pallas\pallas_3d1dbc4b3afbd346_3d1dbc4b.jpg,4
data\raw\Singapura\singapura_0055.jpg,1
data\raw\Ragdoll\ragdoll_0087.jpg,0
data\raw\Pallas\pallas_0061.jpg,4
data\raw\Sphynx\sphynx_00193_d50d1e80.jpg,3
data\raw\Persian\44124137_955.jpg,2
data\raw\Pallas\pallas_0021.jpg,4
data\raw\Persian\persian_00041_369804d4.jpg,2
data\raw\Singapura\singapura_00271_f8db287e.jpg,1
data\raw\Persian\persian_00183_7ff8801f.jpg,2
data\raw\Ragdoll\25167670_6271.jpg,0
data\raw\Persian\44421474_834.jpg,2
data\raw\Singapura\singapura_00026_56681d01.jpg,1
data\raw\Ragdoll\ragdoll_00171_9cec58e4.jpg,0
data\raw\Pallas\pallas_0118.jpg,4
data\raw\Singapura\singapura_00161_89180dfb.jpg,1
data\raw\Singapura\singapura_00074_8cbeb21a.jpg,1
data\raw\Sphynx\26327773_217.jpg,3
data\raw\Persian\46610902_58.jpg,2
data\raw\Sphynx\Sphynx_103.jpg,3
data\raw\Persian\persian_00080_50361f9c.jpg,2
data\raw\Pallas\pallas_0052.jpg,4
data\raw\Pallas\pallas_0098.jpg,4
data\raw\Sphynx\31223841_177.jpg,3
data\raw\Singapura\singapura_72e04c7967c2b91f.jpeg,1
data\raw\Ragdoll\ragdoll_00048_22437fe7.jpg,0
data\raw\Pallas\pallas_daea24baa74da4c9_edc3a1db.jpg,4
data\raw\Sphynx\28113937_200.jpg,3
data\raw\Pallas\pallas_0080.jpg,4
data\raw\Singapura\singapura_69bb0156f98533a1.jpeg,1
data\raw\Pallas\pallas_0063.jpg,4
data\raw\Persian\44879813_663.jpg,2
data\raw\Singapura\singapura_00224_6aab4566.jpg,1
data\raw\Persian\44931346_639.jpg,2
data\raw\Sphynx\41980654_57.jpg,3
data\raw\Sphynx\sphynx_00211_ff78f2fa.jpg,3
data\raw\Sphynx\sphynx_00047_46b4c970.jpg,3
data\raw\Pallas\pallas_44ac3c6271394b2d_315901dd.jpg,4
data\raw\Singapura\singapura_00223_b8df1c34.jpg,1
data\raw\Sphynx\sphynx_00009_1cb1d572.jpg,3
data\raw\Ragdoll\ragdoll_00140_b1a9215b.jpg,0
data\raw\Sphynx\34410063_124.jpg,3
data\raw\Persian\persian_00029_7fa305f0.jpg,2
data\raw\Ragdoll\25202883_6262.jpg,0
data\raw\Persian\46533659_20630.jpg,2
data\raw\Sphynx\sphynx_00293_032666f0.jpg,3
data\raw\Pallas\pallas_0130.jpg,4
data\raw\Sphynx\42588797_53.jpg,3
data\raw\Sphynx\sphynx_00341_1aab4fcb.jpg,3
data\raw\Ragdoll\ragdoll_0187.jpg,0
data\raw\Singapura\singapura_00e0c511904f46ff.jpg,1
data\raw\Pallas\pallas_9585dfa8738c52ea_9585dfa8.jpg,4
data\raw\Sphynx\30722575_181.jpg,3
data\raw\Sphynx\40099284_70.jpg,3
data\raw\Pallas\pallas_0104.jpg,4
data\raw\Persian\persian_00094_1c9eebc3.jpg,2
data\raw\Singapura\singapura_00036_a9bebcc6.jpg,1
data\raw\Persian\44476009_821.jpg,2
data\raw\Ragdoll\ragdoll_00101_65540067.jpg,0
data\raw\Sphynx\sphynx_00040_1d124792.jpg,3
data\raw\Singapura\singapura_0051.jpg,1
data\raw\Ragdoll\ragdoll_1-00012_799ae145.jpg,0
data\raw\Persian\46456282_29126.jpg,2
data\raw\Singapura\singapura_00294_ab403795.jpg,1
data\raw\Pallas\pallas_0027.jpg,4
data\raw\Ragdoll\ragdoll_00276_02f7631f.jpg,0
data\raw\Sphynx\sphynx_00298_bb140188.jpg,3
data\raw\Sphynx\42893068_47.jpg,3
data\raw\Singapura\singapura_0064.jpg,1
data\raw\Pallas\P11_jpg.rf.ANSkIS9IK82Pml1x6Ljl.jpg,4
data\raw\Persian\persian_00127_46fe1d22.jpg,2
data\raw\Pallas\P34_jpg.rf.HGU5X3KGXraggO91RJVf.jpg,4
data\raw\Sphynx\Sphynx_78.jpg,3
data\raw\Pallas\pallas_0106.jpg,4
data\raw\Ragdoll\ragdoll_00392_96692011.jpg,0
data\raw\Pallas\pallas_1f9acf7562c69d14_1f9acf75.jpg,4
data\raw\Ragdoll\ragdoll_00385_1068897b.jpg,0
data\raw\Singapura\singapura_00028_a0d10aae.jpg,1
data\raw\Singapura\singapura_00029_d47f996c.jpg,1
data\raw\Persian\persian_00337_233f9f06.jpg,2
data\raw\Singapura\singapura_00011_445499c0.jpg,1
data\raw\Ragdoll\ragdoll_00417_f9bae4b0.jpg,0
data\raw\Persian\44862184_672.jpg,2
data\raw\Sphynx\29398383_190.jpg,3
data\raw\Ragdoll\ragdoll_0020.jpg,0
data\raw\Pallas\pallas_0073.jpg,4
data\raw\Sphynx\25397339_226.jpg,3
data\raw\Ragdoll\ragdoll_00422_d83739e3.jpg,0
data\raw\Ragdoll\ragdoll_00388_20be2e83.jpg,0
data\raw\Pallas\pallas_cf3fbc8d355be52b_abc98a54.jpg,4
data\raw\Persian\persian_00055_6658dcfd.jpg,2
data\raw\Sphynx\sphynx_00034_2849d32b.jpg,3
data\raw\Persian\43839960_1069.jpg,2
data\raw\Persian\44762318_710.jpg,2
data\raw\Persian\persian_00367_20c50b0a.jpg,2
data\raw\Ragdoll\ragdoll_1-00001_488514e7.jpg,0
data\raw\Ragdoll\ragdoll_00445_2fc0dfce.jpg,0
data\raw\Sphynx\sphynx_00285_215c462c.jpg,3
data\raw\Ragdoll\36867819_2743.jpg,0
data\raw\Persian\persian_00340_949834e5.jpg,2
data\raw\Ragdoll\ragdoll_0180.jpg,0
data\raw\Persian\44930714_640.jpg,2
data\raw\Pallas\pallas_0002.jpg,4
data\raw\Sphynx\41442396_64.jpg,3
data\raw\Singapura\singapura_00222_d9de0621.jpg,1
data\raw\Ragdoll\ragdoll_00026_4afef782.jpg,0
data\raw\Singapura\singapura_00066_68c5f299.jpg,1
data\raw\Persian\44892737_658.jpg,2
data\raw\Pallas\pallas_814a0f6031216c30_814a0f60.jpg,4
data\raw\Singapura\singapura_ae860d78591805d7.jpg,1
data\raw\Singapura\singapura_399504dfe55e7d90.jpeg,1
data\raw\Sphynx\20320113_270.jpg,3
data\raw\Ragdoll\25455230_6178.jpg,0
data\raw\Pallas\pallas_4641b6919c34a368_4641b691.jpg,4
data\raw\Sphynx\31662644_172.jpg,3
data\raw\Ragdoll\ragdoll_0042.jpg,0
data\raw\Ragdoll\26263263_5925.jpg,0
data\raw\Persian\43789424_1093.jpg,2
data\raw\Singapura\singapura_00143_60b97bde.jpg,1
data\raw\Sphynx\sphynx_00084_9c8a1be1.jpg,3
data\raw\Persian\44007425_995.jpg,2
data\raw\Pallas\pallas_ecdf57c06d9702bb_ecdf57c0.jpg,4
data\raw\Sphynx\25227058_230.jpg,3
data\raw\Persian\persian_00251_33a3ba3a.jpg,2
data\raw\Singapura\singapura_0025.jpg,1
data\raw\Ragdoll\ragdoll_0102.jpg,0
data\raw\Persian\43888038_1054.jpg,2
data\raw\Singapura\singapura_0040.jpg,1
data\raw\Sphynx\41576774_61.jpg,3
data\raw\Singapura\singapura_1-00009_182ecad5.jpg,1
data\raw\Persian\persian_00237_af940c74.jpg,2
data\raw\Singapura\singapura_0008.jpg,1
data\raw\Persian\46545768_19149.jpg,2
data\raw\Persian\44303219_880.jpg,2
data\raw\Singapura\singapura_00298_4d9de343.jpg,1
data\raw\Singapura\singapura_0007.jpg,1
data\raw\Sphynx\sphynx_00272_ddfd15bf.jpg,3
data\raw\Singapura\singapura_0056.jpg,1
data\raw\Singapura\singapura_1-00011_dfaf87d0.jpg,1
data\raw\Pallas\pallas_0138.jpg,4
data\raw\Ragdoll\ragdoll_00092_771a40fc.jpg,0
data\raw\Ragdoll\25454066_6179.jpg,0
data\raw\Persian\persian_00187_5893a8ab.jpg,2
data\raw\Ragdoll\ragdoll_0156.jpg,0
data\raw\Persian\persian_00334_be5ae50c.jpg,2
data\raw\Ragdoll\ragdoll_0068.jpg,0
data\raw\Sphynx\sphynx_00010_e0be9f61.jpg,3
data\raw\Singapura\singapura_00053_1a951c10.jpg,1
data\raw\Pallas\pallas_0049.jpg,4
data\raw\Pallas\pallas_2bae179cd2b1b5fe_2bae179c.jpg,4
data\raw\Singapura\singapura_00290_b5cdc38f.jpg,1
data\raw\Sphynx\Sphynx_59.jpg,3
data\raw\Persian\44006895_996.jpg,2
data\raw\Persian\46613133_10259.jpg,2
data\raw\Persian\persian_00294_efe5f1ef.jpg,2
data\raw\Sphynx\43102062_38.jpg,3
data\raw\Persian\persian_00024_4c9b2fed.jpg,2
data\raw\Sphynx\sphynx_00132_37532b30.jpg,3
data\raw\Sphynx\sphynx_00310_719121ca.jpg,3
data\raw\Pallas\pallas_0102.jpg,4
data\raw\Singapura\singapura_b3e1c3bb531c18d7.jpeg,1
data\raw\Ragdoll\ragdoll_0112.jpg,0
data\raw\Pallas\pallas_ac6fd4bef711317e_ac6fd4be.jpg,4
data\raw\Ragdoll\ragdoll_00009_4b01129c.jpg,0
data\raw\Persian\persian_00120_d189c0ac.jpg,2
data\raw\Persian\persian_00087_6dfcda08.jpg,2
data\raw\Ragdoll\ragdoll_1-00036_de74292c.jpg,0
data\raw\Pallas\pallas_ec5679fc52b1d86e_ec5679fc.jpg,4
data\raw\Ragdoll\25426374_6188.jpg,0
data\raw\Persian\44718184_729.jpg,2
data\raw\Ragdoll\ragdoll_00108_70945074.jpg,0
data\raw\Sphynx\sphynx_00053_de5a9b41.jpg,3
data\raw\Persian\44755956_712.jpg,2
data\raw\Ragdoll\ragdoll_0193.jpg,0
data\raw\Persian\persian_00179_8f9a51e3.jpg,2
data\raw\Singapura\singapura_f0194054b7f03ff3.jpg,1
data\raw\Singapura\singapura_00185_715398bf.jpg,1
data\raw\Sphynx\42634014_51.jpg,3
data\raw\Sphynx\Sphynx_56.jpg,3
data\raw\Ragdoll\ragdoll_00137_c93e7ec2.jpg,0
data\raw\Ragdoll\ragdoll_00229_4e444868.jpg,0
data\raw\Pallas\pallas_cb4f83d07acfc0dc_cb4f83d0.jpg,4
data\raw\Pallas\pallas_dd768bf0a4ea5c18_dd768bf0.jpg,4
data\raw\Sphynx\Sphynx_115.jpg,3
data\raw\Persian\44881609_659.jpg,2
data\raw\Ragdoll\ragdoll_0083.jpg,0
data\raw\Sphynx\sphynx_00004_285e35c3.jpg,3
data\raw\Persian\44369622_858.jpg,2
data\raw\Persian\44931592_636.jpg,2
data\raw\Singapura\singapura_00072_1395c579.jpg,1
data\raw\Sphynx\26473417_213.jpg,3
data\raw\Ragdoll\ragdoll_0153.jpg,0
data\raw\Ragdoll\25316486_6219.jpg,0
data\raw\Persian\44381378_856.jpg,2
data\raw\Persian\46450415_29877.jpg,2
data\raw\Sphynx\Sphynx_76.jpg,3
data\raw\Sphynx\33227074_146.jpg,3
data\raw\Ragdoll\ragdoll_0019.jpg,0
data\raw\Persian\46651958_3743.jpg,2
data\raw\Pallas\pallas_24cd72272261e9fe_24cd7227.jpg,4
data\raw\Pallas\pallas_0136.jpg,4
data\raw\Persian\43741986_1116.jpg,2
data\raw\Singapura\singapura_fb2f1321c1e81433.jpeg,1
data\raw\Pallas\pallas_0889804edb6df7b4_0889804e.jpg,4
data\raw\Singapura\singapura_00195_27fec4a6.jpg,1
data\raw\Sphynx\sphynx_00197_bf82aa18.jpg,3
data\raw\Sphynx\Sphynx_75.jpg,3
data\raw\Singapura\singapura_4b560d7552c6abde.jpg,1
data\raw\Singapura\singapura_7a1e95cb1ffa60ba.jpg,1
data\raw\Persian\persian_00147_66f84995.jpg,2
data\raw\Singapura\singapura_0042.jpg,1
data\raw\Ragdoll\ragdoll_00177_4cd76dbc.jpg,0
data\raw\Singapura\singapura_00004_3d24aa23.jpg,1
data\raw\Persian\44583547_774.jpg,2
data\raw\Persian\persian_00165_a5924470.jpg,2
data\raw\Sphynx\20193474_273.jpg,3
data\raw\Singapura\singapura_b227f1769c6bf9a3.jpg,1
data\raw\Sphynx\Sphynx_107.jpg,3
data\raw\Persian\persian_00213_25c1880d.jpg,2
data\raw\Persian\44168365_929.jpg,2
data\raw\Pallas\pallas_d78c49957562a599_d78c4995.jpg,4
data\raw\Sphynx\Sphynx_87.jpg,3
data\raw\Sphynx\43102072_36.jpg,3
data\raw\Singapura\singapura_00267_76f32259.jpg,1
data\raw\Ragdoll\ragdoll_00408_6d5edc44.jpg,0
data\raw\Sphynx\sphynx_00162_483869f6.jpg,3
data\raw\Persian\persian_00263_3ae16c53.jpg,2
data\raw\Singapura\singapura_c56e4a6bbd240f04.jpg,1
data\raw\Pallas\pallas_91702b4e08c1512e_91702b4e.jpg,4
data\raw\Persian\46639522_6091.jpg,2
data\raw\Sphynx\Sphynx_49.jpg,3
data\raw\Ragdoll\ragdoll_00211_fe643088.jpg,0
data\raw\Pallas\pallas_8e4ff2d90820cd04_8e4ff2d9.jpg,4
data\raw\Persian\46511388_23265.jpg,2
data\raw\Ragdoll\25267169_6245.jpg,0
data\raw\Pallas\pallas_0142.jpg,4
data\raw\Persian\44925347_645.jpg,2
data\raw\Ragdoll\ragdoll_00243_7a8e1cca.jpg,0
data\raw\Singapura\singapura_0058.jpg,1
data\raw\Singapura\singapura_126f2bb3a61bd569.jpg,1
data\raw\Singapura\singapura_3a86dcf79a67ea91.jpeg,1
data\raw\Persian\46578765_15056.jpg,2
data\raw\Sphynx\28899822_193.jpg,3
data\raw\Pallas\pallas_0004.jpg,4
data\raw\Persian\43887997_1056.jpg,2
data\raw\Persian\43845496_1070.jpg,2
data\raw\Pallas\pallas_0111.jpg,4
data\raw\Singapura\singapura_00268_84218dc2.jpg,1
data\raw\Sphynx\sphynx_00215_8fbec716.jpg,3
data\raw\Sphynx\30591905_183.jpg,3
data\raw\Persian\persian_00197_dc60032e.jpg,2
data\raw\Singapura\singapura_c2c817f1b2c785bb.jpg,1
data\raw\Ragdoll\ragdoll_0116.jpg,0
data\raw\Singapura\singapura_00043_210c8980.jpg,1
data\raw\Sphynx\Sphynx_98.jpg,3
data\raw\Ragdoll\26188918_5951.jpg,0
data\raw\Singapura\singapura_00262_c76f57e8.jpg,1
data\raw\Persian\43897683_1051.jpg,2
data\raw\Sphynx\sphynx_00357_4a02521a.jpg,3
data\raw\Pallas\pallas_0dee8681bb7dd05c_aede2e1b.jpg,4
data\raw\Pallas\pallas_0100.jpg,4
data\raw\Singapura\singapura_0060.jpg,1
data\raw\Sphynx\sphynx_00021_8b36c298.jpg,3
data\raw\Ragdoll\25319960_6218.jpg,0
data\raw\Ragdoll\ragdoll_0008.jpg,0
data\raw\Sphynx\sphynx_00078_37c4d898.jpg,3
data\raw\Pallas\pallas_a58c2697699f9940_a58c2697.jpg,4
data\raw\Singapura\singapura_a82717db1f86b774.jpeg,1
data\raw\Ragdoll\ragdoll_0131.jpg,0
data\raw\Singapura\singapura_7c4e8c9aa16ac005.jpg,1
data\raw\Singapura\singapura_00022_04c023e7.jpg,1
data\raw\Sphynx\30722597_180.jpg,3
data\raw\Ragdoll\36861369_2745.jpg,0
data\raw\Sphynx\sphynx_00044_5595a681.jpg,3
data\raw\Singapura\singapura_5feb29b05c7a2bc0.jpg,1
data\raw\Ragdoll\ragdoll_0127.jpg,0
data\raw\Singapura\singapura_a21c351783ba02de.jpeg,1
data\raw\Ragdoll\25449517_6180.jpg,0
data\raw\Singapura\singapura_6654a9c87165dd05.jpg,1
data\raw\Persian\persian_00284_42da7228.jpg,2
data\raw\Ragdoll\ragdoll_0069.jpg,0
data\raw\Persian\44416488_837.jpg,2
data\raw\Pallas\pallas_ef5d59c183b9a000_ef5d59c1.jpg,4
data\raw\Persian\persian_00071_658075d4.jpg,2
data\raw\Singapura\singapura_00285_b4fd81f8.jpg,1
data\raw\Singapura\singapura_57b124917e522a71.jpg,1
data\raw\Persian\44388415_850.jpg,2
data\raw\Sphynx\Sphynx_84.jpg,3
data\raw\Persian\44417380_835.jpg,2
data\raw\Persian\46706163_15.jpg,2
data\raw\Pallas\pallas_bfd43de1c7c85dad_bfd43de1.jpg,4
data\raw\Sphynx\sphynx_00250_4fa2f41a.jpg,3
data\raw\Ragdoll\ragdoll_00357_014e22c5.jpg,0
data\raw\Ragdoll\ragdoll_00085_3e889c7f.jpg,0
data\raw\Persian\46445372_30310.jpg,2
data\raw\Pallas\pallas_eef0b0cfd8ad76d4_eef0b0cf.jpg,4
data\raw\Persian\persian_00281_5cc35d6b.jpg,2
data\raw\Sphynx\sphynx_00104_89a2a49c.jpg,3
data\raw\Ragdoll\ragdoll_0091.jpg,0
data\raw\Persian\persian_00230_66674aa5.jpg,2
data\raw\Pallas\pallas_ac2b850b6fad59aa_ac2b850b.jpg,4
data\raw\Persian\persian_00210_38d96823.jpg,2
data\raw\Sphynx\26327493_219.jpg,3
data\raw\Persian\persian_00121_8394e392.jpg,2
data\raw\Singapura\singapura_00303_f70eff28.jpg,1
data\raw\Singapura\singapura_1-00012_1d603098.jpg,1
data\raw\Sphynx\40568875_68.jpg,3
data\raw\Sphynx\sphynx_00340_d0562628.jpg,3
data\raw\Sphynx\sphynx_00267_ddce2d29.jpg,3
data\raw\Sphynx\33496530_139.jpg,3
data\raw\Singapura\singapura_456bef3dad3db894.jpg,1
data\raw\Sphynx\30443005_184.jpg,3
data\raw\Ragdoll\ragdoll_00081_4d741d15.jpg,0
data\raw\Ragdoll\ragdoll_00067_cfd7acc7.jpg,0
data\raw\Singapura\singapura_00210_57907404.jpg,1
data\raw\Ragdoll\ragdoll_0111.jpg,0
data\raw\Singapura\singapura_00221_bbe57ef1.jpg,1
data\raw\Sphynx\31885703_167.jpg,3
data\raw\Singapura\singapura_00042_240a73a8.jpg,1
data\raw\Ragdoll\ragdoll_0005.jpg,0
data\raw\Sphynx\Sphynx_122.jpg,3
data\raw\Sphynx\sphynx_00260_1545d819.jpg,3
data\raw\Ragdoll\ragdoll_00411_40528203.jpg,0
data\raw\Sphynx\sphynx_00205_dc7f649b.jpg,3
data\raw\Singapura\singapura_0059.jpg,1
data\raw\Pallas\pallas_0008.jpg,4
data\raw\Singapura\singapura_00208_10e00200.jpg,1
data\raw\Ragdoll\ragdoll_00058_50d0df92.jpg,0
data\raw\Ragdoll\25162130_6274.jpg,0
data\raw\Singapura\singapura_0018.jpg,1
data\raw\Ragdoll\ragdoll_00113_fde7690b.jpg,0
data\raw\Persian\persian_00278_2dc155fd.jpg,2
data\raw\Pallas\pallas_97fbedd9503f3a70_97fbedd9.jpg,4
data\raw\Singapura\singapura_00096_e484dcc6.jpg,1
data\raw\Ragdoll\ragdoll_0081.jpg,0
data\raw\Ragdoll\ragdoll_0024.jpg,0
data\raw\Persian\44409958_842.jpg,2
data\raw\Ragdoll\ragdoll_0026.jpg,0
data\raw\Ragdoll\ragdoll_00014_405b5237.jpg,0
data\raw\Sphynx\32750890_155.jpg,3
data\raw\Ragdoll\ragdoll_1-00032_091b5371.jpg,0
data\raw\Singapura\singapura_00106_2b1a025a.jpg,1
data\raw\Pallas\pallas_2920d5e6adbf3056_d94ae204.jpg,4
data\raw\Persian\44285780_888.jpg,2
data\raw\Pallas\pallas_0108.jpg,4
data\raw\Singapura\singapura_b1ca137cfe1df5b3.jpg,1
data\raw\Persian\44113355_958.jpg,2
data\raw\Persian\44410280_840.jpg,2
data\raw\Pallas\P21_jpg.rf.93h6avodud5jTHc3lAO7.jpg,4
data\raw\Singapura\singapura_00288_2ddd46d1.jpg,1
data\raw\Singapura\singapura_0033.jpg,1
data\raw\Ragdoll\ragdoll_0150.jpg,0
data\raw\Persian\46734926_9.jpg,2
data\raw\Singapura\singapura_00076_a4e8a9bc.jpg,1
data\raw\Persian\persian_00175_989bf771.jpg,2
data\raw\Sphynx\38589548_85.jpg,3
data\raw\Ragdoll\ragdoll_00294_d213d7f8.jpg,0
data\raw\Pallas\pallas_4bf175ae4a223de7_4bf175ae.jpg,4
data\raw\Persian\persian_00038_1e1486d1.jpg,2
data\raw\Singapura\singapura_0038.jpg,1
data\raw\Persian\persian_00266_2f5a0b1f.jpg,2
data\raw\Singapura\singapura_00039_69f88475.jpg,1
data\raw\Ragdoll\ragdoll_0006.jpg,0
data\raw\Sphynx\41166063_65.jpg,3
data\raw\Ragdoll\ragdoll_0031.jpg,0
data\raw\Sphynx\24080510_243.jpg,3
data\raw\Persian\persian_00079_1e093f02.jpg,2
data\raw\Pallas\pallas_0075.jpg,4
data\raw\Sphynx\Sphynx_27.jpg,3
data\raw\Ragdoll\ragdoll_00054_46f529a5.jpg,0
data\raw\Persian\44098072_965.jpg,2
data\raw\Sphynx\sphynx_00179_f86fb557.jpg,3
data\raw\Pallas\pallas_0013.jpg,4
data\raw\Persian\46721535_10.jpg,2
data\raw\Singapura\singapura_00098_f75b3df5.jpg,1
data\raw\Persian\44931714_633.jpg,2
data\raw\Pallas\pallas_0068.jpg,4
data\raw\Singapura\singapura_56eab1060f399471.jpg,1
data\raw\Sphynx\sphynx_00120_b8e19ed2.jpg,3
data\raw\Pallas\P10_jpg.rf.CmNE1y2wqcsbu4Mzy09P.jpg,4
data\raw\Persian\persian_00034_8ef65cee.jpg,2
data\raw\Singapura\singapura_00295_ca35843f.jpg,1
data\raw\Ragdoll\ragdoll_0108.jpg,0
data\raw\Persian\persian_00260_c0410593.jpg,2
data\raw\Ragdoll\ragdoll_0157.jpg,0
data\raw\Sphynx\44504562_22.jpg,3
data\raw\Sphynx\Sphynx_92.jpg,3
data\raw\Ragdoll\ragdoll_0134.jpg,0
data\raw\Persian\persian_00349_b37270be.jpg,2
data\raw\Ragdoll\25505529_6167.jpg,0
data\raw\Persian\44130810_950.jpg,2
data\raw\Sphynx\sphynx_00296_d1245b67.jpg,3
data\raw\Singapura\singapura_00219_7833ea4a.jpg,1
data\raw\Persian\44159555_935.jpg,2
data\raw\Singapura\singapura_00013_f5c2be28.jpg,1
data\raw\Pallas\pallas_0081.jpg,4
data\raw\Ragdoll\ragdoll_0196.jpg,0
data\raw\Singapura\singapura_c8f7d1a015b17b19.jpeg,1
data\raw\Singapura\singapura_0011.jpg,1
data\raw\Sphynx\sphynx_00207_64385701.jpg,3
data\raw\Sphynx\sphynx_00080_af6e6954.jpg,3
data\raw\Persian\46502023_23768.jpg,2
data\raw\Pallas\pallas_0099.jpg,4
data\raw\Sphynx\Sphynx_37.jpg,3
data\raw\Singapura\singapura_00041_867d93d1.jpg,1
data\raw\Ragdoll\ragdoll_0054.jpg,0
data\raw\Pallas\pallas_0083.jpg,4
data\raw\Persian\44812224_689.jpg,2
data\raw\Sphynx\sphynx_00363_d5b556b1.jpg,3
data\raw\Ragdoll\ragdoll_00039_de77fb33.jpg,0
data\raw\Singapura\singapura_00277_7cf9813e.jpg,1
data\raw\Pallas\P38_jpg.rf.tLFkdvRo751O4Madwu6p.jpg,4
data\raw\Persian\44285943_882.jpg,2
data\raw\Ragdoll\ragdoll_0160.jpg,0
data\raw\Persian\44931611_635.jpg,2
data\raw\Sphynx\26327808_216.jpg,3
data\raw\Pallas\P42_jpg.rf.N4xyMZeolde4TgRhMFxR.jpg,4
data\raw\Pallas\pallas_0110.jpg,4
data\raw\Ragdoll\ragdoll_00120_927fb405.jpg,0
data\raw\Persian\46705053_18.jpg,2
data\raw\Persian\43852985_1067.jpg,2
data\raw\Singapura\singapura_0053.jpg,1
data\raw\Persian\persian_00006_3fa1e77c.jpg,2
data\raw\Ragdoll\ragdoll_0175.jpg,0
data\raw\Persian\46679096_27.jpg,2
data\raw\Pallas\pallas_0054.jpg,4
data\raw\Pallas\pallas_0057.jpg,4
data\raw\Pallas\P26_jpg.rf.GM85xr4n3kPDtayufXOw.jpg,4
data\raw\Persian\persian_00106_f227447d.jpg,2
data\raw\Persian\44477387_819.jpg,2
data\raw\Singapura\singapura_00056_78dc71df.jpg,1
data\raw\Ragdoll\ragdoll_00131_84ab979b.jpg,0
data\raw\Persian\44285646_891.jpg,2
data\raw\Persian\44477437_818.jpg,2
data\raw\Ragdoll\ragdoll_0030.jpg,0
data\raw\Persian\persian_00192_0786b81f.jpg,2
data\raw\Ragdoll\ragdoll_0183.jpg,0
data\raw\Pallas\pallas_38d152816377687e_38d15281.jpg,4
data\raw\Sphynx\33496541_138.jpg,3
data\raw\Pallas\P44_jpg.rf.tIAvU10r9uJwcKgGT5IE.jpg,4
data\raw\Persian\44569532_782.jpg,2
data\raw\Pallas\pallas_0074.jpg,4
data\raw\Persian\46705100_17.jpg,2
data\raw\Pallas\pallas_0035.jpg,4
data\raw\Singapura\singapura_0023.jpg,1
data\raw\Sphynx\44159854_25.jpg,3
data\raw\Sphynx\sphynx_00292_6cc00275.jpg,3
data\raw\Singapura\singapura_f628ec71b6c7c091.jpeg,1
data\raw\Pallas\pallas_0125.jpg,4
data\raw\Singapura\singapura_00128_a9369aee.jpg,1
data\raw\Sphynx\sphynx_00015_a1f58819.jpg,3
data\raw\Pallas\pallas_04ffaf9d6cf264ac_04ffaf9d.jpg,4
data\raw\Pallas\pallas_0045.jpg,4
data\raw\Sphynx\Sphynx_30.jpg,3
data\raw\Ragdoll\25511163_6165.jpg,0
data\raw\Persian\persian_00371_463d3279.jpg,2
data\raw\Persian\44917770_646.jpg,2
data\raw\Singapura\singapura_b3456ca0cb63c71e.jpg,1
data\raw\Ragdoll\ragdoll_00109_d6b5efea.jpg,0
data\raw\Persian\persian_00082_3ce9f947.jpg,2
data\raw\Singapura\singapura_00289_669378ec.jpg,1
data\raw\Sphynx\38024287_90.jpg,3
data\raw\Ragdoll\ragdoll_0073.jpg,0
data\raw\Persian\persian_00047_af74b619.jpg,2
data\raw\Singapura\singapura_0029.jpg,1
data\raw\Ragdoll\ragdoll_0181.jpg,0
data\raw\Sphynx\21539348_264.jpg,3
data\raw\Singapura\singapura_48b475621d3e9c45.jpeg,1
data\raw\Singapura\singapura_0024.jpg,1
data\raw\Ragdoll\36903669_2739.jpg,0
data\raw\Pallas\pallas_07cdac1bfa818381_07cdac1b.jpg,4
data\raw\Ragdoll\ragdoll_00236_8157efad.jpg,0
data\raw\Sphynx\sphynx_00230_67c88dff.jpg,3
data\raw\Ragdoll\ragdoll_00214_ddc2aa28.jpg,0
data\raw\Pallas\P20_jpg.rf.u8vDarNkja5Ga0o2T5de.jpg,4
data\raw\Persian\44675788_743.jpg,2
data\raw\Persian\44135764_947.jpg,2
data\raw\Singapura\singapura_1-00002_30e238f6.jpg,1
data\raw\Sphynx\45196387_18.jpg,3
data\raw\Sphynx\Sphynx_93.jpg,3
data\raw\Persian\44862465_671.jpg,2
data\raw\Singapura\singapura_cd0d3bedd39a3545.jpeg,1
data\raw\Persian\46635807_6661.jpg,2
data\raw\Sphynx\30442925_185.jpg,3
data\raw\Persian\44285635_892.jpg,2
data\raw\Sphynx\43296402_33.jpg,3
data\raw\Persian\persian_00042_895e9652.jpg,2
data\raw\Pallas\P54_jpg.rf.2IWJlhteW67bLZaaUdrm.jpg,4
data\raw\Sphynx\19808435_286.jpg,3
data\raw\Pallas\pallas_0082.jpg,4
data\raw\Persian\persian_00216_eb516186.jpg,2
data\raw\Sphynx\24728330_235.jpg,3
data\raw\Ragdoll\ragdoll_0027.jpg,0
data\raw\Ragdoll\ragdoll_00130_6478ff34.jpg,0
data\raw\Sphynx\sphynx_00327_26d1da89.jpg,3
data\raw\Ragdoll\ragdoll_00043_0e6f6228.jpg,0
data\raw\Sphynx\42014207_55.jpg,3
data\raw\Singapura\singapura_00027_1ac4e609.jpg,1
data\raw\Ragdoll\ragdoll_0114.jpg,0
data\raw\Singapura\singapura_00310_bce30efc.jpg,1
data\raw\Ragdoll\ragdoll_00409_b30844eb.jpg,0
data\raw\Persian\persian_00181_987711fa.jpg,2
data\raw\Pallas\P17_jpg.rf.yqUKXxqSnCWAYoO0HyAc.jpg,4
data\raw\Pallas\pallas_0126.jpg,4
data\raw\Singapura\singapura_1-00015_fa3a2c7b.jpg,1
data\raw\Persian\44099966_963.jpg,2
data\raw\Persian\46721349_11.jpg,2
data\raw\Pallas\pallas_83187d6cf0fee50a_83187d6c.jpg,4
data\raw\Sphynx\Sphynx_38.jpg,3
data\raw\Sphynx\Sphynx_21.jpg,3
data\raw\Persian\persian_00163_2cd5867b.jpg,2
data\raw\Singapura\singapura_6d88269954c4ab8e.jpg,1
data\raw\Sphynx\sphynx_00031_4e50eef6.jpg,3
data\raw\Persian\44407905_843.jpg,2
data\raw\Persian\43729952_1126.jpg,2
data\raw\Persian\43810779_1085.jpg,2
data\raw\Singapura\singapura_0063.jpg,1
data\raw\Sphynx\sphynx_00087_06375aee.jpg,3
data\raw\Sphynx\sphynx_00055_98b60a68.jpg,3
data\raw\Ragdoll\ragdoll_0048.jpg,0
data\raw\Pallas\pallas_0148.jpg,4
data\raw\Ragdoll\ragdoll_00442_ff6cfc80.jpg,0
data\raw\Pallas\P4_jpg.rf.j6pL4mUEvpLsyfUvHFC9.jpg,4
data\raw\Sphynx\Sphynx_72.jpg,3
data\raw\Ragdoll\ragdoll_0191.jpg,0
data\raw\Sphynx\sphynx_00118_9c679c5b.jpg,3
data\raw\Persian\44723468_724.jpg,2
data\raw\Persian\persian_00151_d22ec04b.jpg,2
data\raw\Sphynx\sphynx_00063_2c3d9a4c.jpg,3
data\raw\Sphynx\38171074_89.jpg,3
data\raw\Sphynx\sphynx_00013_fc47a567.jpg,3
data\raw\Singapura\singapura_0027.jpg,1
data\raw\Singapura\singapura_00217_09164e6c.jpg,1
data\raw\Singapura\singapura_00021_c2bf1264.jpg,1
data\raw\Sphynx\18778434_293.jpg,3
data\raw\Pallas\P16_jpg.rf.M8dAUmRJx24yhIXO3ldO.jpg,4
data\raw\Persian\persian_00117_39cb610e.jpg,2
data\raw\Sphynx\24299870_240.jpg,3
data\raw\Ragdoll\ragdoll_1-00030_cda1720c.jpg,0
data\raw\Pallas\pallas_0155.jpg,4
data\raw\Ragdoll\ragdoll_0099.jpg,0
data\raw\Ragdoll\ragdoll_0198.jpg,0
data\raw\Sphynx\23166056_249.jpg,3
data\raw\Persian\46674998_32.jpg,2
data\raw\Sphynx\sphynx_00039_beeabc83.jpg,3
data\raw\Ragdoll\ragdoll_0197.jpg,0
data\raw\Pallas\pallas_eef1b0cfd8ad76d4_1c6d4791.jpg,4
data\raw\Singapura\singapura_00280_adfbecc1.jpg,1
data\raw\Sphynx\sphynx_00172_e4beb2a5.jpg,3
data\raw\Ragdoll\ragdoll_00172_b4011167.jpg,0
data\raw\Persian\43753485_1108.jpg,2
data\raw\Pallas\pallas_0011.jpg,4
data\raw\Pallas\pallas_0016.jpg,4
data\raw\Singapura\singapura_763daf52556144e4.jpg,1
data\raw\Persian\persian_00152_92ff7142.jpg,2
data\raw\Persian\43832404_1077.jpg,2
data\raw\Ragdoll\25514384_6163.jpg,0
data\raw\Sphynx\Sphynx_36.jpg,3
data\raw\Singapura\singapura_d964fef49c299413.jpg,1
data\raw\Ragdoll\25284021_6238.jpg,0
data\raw\Singapura\singapura_00048_f70a6038.jpg,1
data\raw\Ragdoll\ragdoll_00379_82223529.jpg,0
data\raw\Pallas\pallas_0067.jpg,4
data\raw\Persian\43887990_1057.jpg,2
data\raw\Singapura\singapura_d4d05b10915d0b2e.jpg,1
data\raw\Sphynx\Sphynx_71.jpg,3
data\raw\Ragdoll\ragdoll_0161.jpg,0
data\raw\Persian\44667039_751.jpg,2
data\raw\Sphynx\sphynx_00225_8a708043.jpg,3
data\raw\Persian\persian_00118_dd3def96.jpg,2
data\raw\Ragdoll\ragdoll_00270_53190d21.jpg,0
data\raw\Sphynx\sphynx_00219_2248e200.jpg,3
data\raw\Sphynx\27844256_204.jpg,3
data\raw\Singapura\singapura_6e422d5ae81bd4df.jpg,1
data\raw\Persian\persian_00229_289a3984.jpg,2
data\raw\Sphynx\38760371_83.jpg,3
data\raw\Sphynx\39103118_77.jpg,3
data\raw\Pallas\pallas_0023.jpg,4
data\raw\Singapura\singapura_462cce3ef50299bc.jpeg,1
data\raw\Ragdoll\ragdoll_00097_20202a67.jpg,0
data\raw\Ragdoll\ragdoll_0046.jpg,0
data\raw\Sphynx\sphynx_00038_3c450193.jpg,3
data\raw\Singapura\singapura_0043.jpg,1
data\raw\Ragdoll\ragdoll_0067.jpg,0
data\raw\Pallas\pallas_9198a9a2e3730451_a11cfd6b.jpg,4
data\raw\Sphynx\sphynx_00159_d4b6b6bd.jpg,3
data\raw\Pallas\pallas_0096.jpg,4
data\raw\Persian\43782771_1100.jpg,2
data\raw\Singapura\singapura_00124_4d7a0428.jpg,1
data\raw\Ragdoll\ragdoll_0094.jpg,0
data\raw\Singapura\singapura_0028.jpg,1
data\raw\Sphynx\35585753_112.jpg,3
data\raw\Ragdoll\ragdoll_1-00015_071e567d.jpg,0
data\raw\Ragdoll\ragdoll_0061.jpg,0
data\raw\Sphynx\18375601_297.jpg,3
data\raw\Sphynx\sphynx_00049_f3778076.jpg,3
data\raw\Sphynx\20044586_276.jpg,3
data\raw\Singapura\singapura_0062.jpg,1
data\raw\Pallas\pallas_090d55956cc62d91_090d5595.jpg,4
data\raw\Persian\44129615_951.jpg,2
data\raw\Singapura\singapura_5a6c7f2d5831f31e.jpeg,1
data\raw\Ragdoll\ragdoll_00286_258512be.jpg,0
data\raw\Pallas\pallas_b766b940c3cb4df0_88a02457.jpg,4
data\raw\Sphynx\Sphynx_14.jpg,3
data\raw\Ragdoll\ragdoll_0086.jpg,0
data\raw\Ragdoll\ragdoll_00242_57f5eb5f.jpg,0
data\raw\Ragdoll\ragdoll_00086_d8a85eae.jpg,0
data\raw\Sphynx\sphynx_00223_262dc833.jpg,3
data\raw\Singapura\singapura_00019_ae2b6ca5.jpg,1
data\raw\Sphynx\38665079_84.jpg,3
data\raw\Pallas\pallas_fd7f3fd22ca411b4_72bf811c.jpg,4
data\raw\Sphynx\19997478_282.jpg,3
data\raw\Persian\46505694_23863.jpg,2
data\raw\Sphynx\sphynx_00316_d0864152.jpg,3
data\raw\Persian\persian_00043_c8f30d9c.jpg,2
data\raw\Persian\46523962_21784.jpg,2
data\raw\Sphynx\sphynx_00018_449a947c.jpg,3
data\raw\Ragdoll\ragdoll_00030_a5e16326.jpg,0
data\raw\Ragdoll\ragdoll_00363_050d46e2.jpg,0
data\raw\Persian\persian_00170_78317ec9.jpg,2
data\raw\Ragdoll\ragdoll_0155.jpg,0
data\raw\Persian\persian_00049_ce9ec253.jpg,2
data\raw\Singapura\singapura_0013.jpg,1
data\raw\Persian\46509795_23374.jpg,2
data\raw\Persian\persian_00261_349cd577.jpg,2
data\raw\Sphynx\sphynx_00082_e6eb2608.jpg,3
data\raw\Sphynx\sphynx_00233_e2b7ff48.jpg,3
data\raw\Singapura\singapura_8c7757e71a425bec.jpg,1
data\raw\Sphynx\Sphynx_40.jpg,3
data\raw\Persian\persian_00302_ab6660de.jpg,2
data\raw\Ragdoll\ragdoll_00349_b6ca7ef8.jpg,0
data\raw\Pallas\pallas_eb9130f90d431d57_eb9130f9.jpg,4
data\raw\Singapura\singapura_0039.jpg,1
data\raw\Singapura\singapura_00220_c10eeb93.jpg,1
data\raw\Persian\persian_00293_445bb0aa.jpg,2
data\raw\Singapura\singapura_00279_a4ff60dc.jpg,1
data\raw\Pallas\pallas_fe71775437fae510_fe717754.jpg,4
data\raw\Pallas\pallas_2b860fc08ecf25ae_bb317656.jpg,4
data\raw\Singapura\singapura_00018_58735881.jpg,1
data\raw\Pallas\pallas_48f4da80f058eb87_48f4da80.jpg,4
data\raw\Singapura\singapura_7c43208bf134b0b4.jpeg,1
data\raw\Sphynx\35382968_115.jpg,3
data\raw\Singapura\singapura_0041.jpg,1
data\raw\Persian\46635848_6659.jpg,2
data\raw\Sphynx\22992252_251.jpg,3
data\raw\Ragdoll\26335276_5897.jpg,0
data\raw\Pallas\pallas_0020.jpg,4
data\raw\Ragdoll\ragdoll_0158.jpg,0
data\raw\Ragdoll\ragdoll_00189_59b479a6.jpg,0
data\raw\Persian\44952186_620.jpg,2
data\raw\Persian\46665684_1139.jpg,2
data\raw\Persian\persian_00223_7c84f9c1.jpg,2
data\raw\Singapura\singapura_ff315b41b8b28a72.jpeg,1
data\raw\Pallas\pallas_0059.jpg,4
data\raw\Ragdoll\ragdoll_0178.jpg,0
data\raw\Pallas\pallas_4ab0f6fc5377f3bd_912a138b.jpg,4
data\raw\Singapura\singapura_394ff23ce19e0985.jpg,1
data\raw\Singapura\singapura_00003_291c582e.jpg,1
data\raw\Persian\44137354_946.jpg,2
data\raw\Ragdoll\ragdoll_00341_b097cd63.jpg,0
data\raw\Singapura\singapura_0f1b71db0a3a6d7f.jpeg,1
data\raw\Pallas\pallas_0007.jpg,4
data\raw\Persian\44691218_714.jpg,2
data\raw\Singapura\singapura_0006.jpg,1
data\raw\Singapura\singapura_02aeeada6ebd5971.jpeg,1
data\raw\Singapura\singapura_00111_e744f820.jpg,1
data\raw\Singapura\singapura_1-00007_e31c0584.jpg,1
data\raw\Sphynx\Sphynx_67.jpg,3
data\raw\Singapura\singapura_0048.jpg,1
data\raw\Singapura\singapura_d54f888302223b26.jpg,1
data\raw\Sphynx\sphynx_00332_3a3f0082.jpg,3
data\raw\Ragdoll\ragdoll_0088.jpg,0
data\raw\Ragdoll\26335268_5898.jpg,0
data\raw\Persian\43917590_1038.jpg,2
data\raw\Pallas\pallas_c8efa46751c585ac_c8efa467.jpg,4
data\raw\Singapura\singapura_00168_457c413b.jpg,1
data\raw\Sphynx\37600020_97.jpg,3
data\raw\Pallas\pallas_7eeb4776880358f4_7eeb4776.jpg,4
data\raw\Persian\persian_00050_6c045bd4.jpg,2
data\raw\Persian\46679428_26.jpg,2
data\raw\Sphynx\26327201_221.jpg,3
data\raw\Ragdoll\ragdoll_00093_d236186b.jpg,0
data\raw\Sphynx\Sphynx_20.jpg,3
data\raw\Persian\46533571_20651.jpg,2
data\raw\Pallas\pallas_0033.jpg,4
data\raw\Sphynx\sphynx_00143_115643c6.jpg,3
data\raw\Sphynx\sphynx_00237_8962307b.jpg,3
data\raw\Persian\persian_00039_bd69545c.jpg,2
data\raw\Pallas\pallas_0051.jpg,4
data\raw\Ragdoll\ragdoll_0188.jpg,0
data\raw\Persian\44873647_664.jpg,2
data\raw\Ragdoll\ragdoll_00280_9ed48e64.jpg,0
data\raw\Pallas\P2_jpg.rf.ndZXVzEYj4JEdrRy4oYK.jpg,4
data\raw\Pallas\pallas_a50aadda57faef2d_a50aadda.jpg,4
data\raw\Persian\46687465_22.jpg,2
data\raw\Persian\44094701_968.jpg,2
data\raw\Pallas\pallas_9d070c5cefe7603b_9d070c5c.jpg,4
data\raw\Pallas\pallas_c106b8163d021922_c106b816.jpg,4
data\raw\Ragdoll\ragdoll_1-00028_5c02f601.jpg,0
data\raw\Pallas\pallas_0040.jpg,4
data\raw\Persian\44441876_830.jpg,2
data\raw\Sphynx\sphynx_00058_dea7311c.jpg,3
data\raw\Ragdoll\ragdoll_00213_b15e56be.jpg,0
data\raw\Singapura\singapura_769461b1bb96895c.jpeg,1
data\raw\Sphynx\sphynx_00117_9d2a3536.jpg,3
data\raw\Ragdoll\ragdoll_0126.jpg,0
data\raw\Pallas\pallas_b9b69bfdea6beb2j_380fe3bf.jpg,4
data\raw\Singapura\singapura_00050_92eb019b.jpg,1
data\raw\Sphynx\26833178_207.jpg,3
data\raw\Ragdoll\ragdoll_00227_9a7d552a.jpg,0
data\raw\Ragdoll\ragdoll_0171.jpg,0
data\raw\Ragdoll\ragdoll_00082_ed6e19ec.jpg,0
data\raw\Singapura\singapura_0047.jpg,1
data\raw\Pallas\P19_jpg.rf.3XmrwRV66zYuTU7Yc8bV.jpg,4
data\raw\Sphynx\Sphynx_34.jpg,3
data\raw\Pallas\pallas_fdf085d2957f8c12_fdf085d2.jpg,4
data\raw\Pallas\pallas_0066.jpg,4
data\raw\Sphynx\sphynx_00349_38f6e87c.jpg,3
data\raw\Pallas\pallas_38f7826fa7961394_38f7826f.jpg,4
data\raw\Sphynx\sphynx_00303_d5224e4b.jpg,3
data\raw\Singapura\singapura_00138_63364da2.jpg,1
data\raw\Singapura\singapura_00218_55ee72a4.jpg,1
data\raw\Sphynx\sphynx_00216_304b03bb.jpg,3
data\raw\Pallas\pallas_e0b3aa6e3bb8f5bf_e0b3aa6e.jpg,4
data\raw\Ragdoll\ragdoll_00139_238c463a.jpg,0
data\raw\Ragdoll\ragdoll_00183_45c7c6ba.jpg,0
data\raw\Persian\46679451_25.jpg,2
data\raw\Singapura\singapura_6eb0e789baa481cd.jpeg,1
data\raw\Pallas\P41_jpg.rf.XQKCt9NB3avrxT9vxFh6.jpg,4
data\raw\Singapura\singapura_00214_b92f575b.jpg,1
data\raw\Persian\46477365_27070.jpg,2
data\raw\Singapura\singapura_00240_684509f6.jpg,1
data\raw\Sphynx\sphynx_00354_78cd5e4a.jpg,3
data\raw\Sphynx\26763007_208.jpg,3
data\raw\Ragdoll\ragdoll_00006_7f35e834.jpg,0
data\raw\Ragdoll\ragdoll_00338_af260ef9.jpg,0
data\raw\Sphynx\39013001_78.jpg,3
data\raw\Singapura\singapura_8d6430e31203e51d.jpg,1
data\raw\Pallas\pallas_0150.jpg,4
data\raw\Ragdoll\ragdoll_0070.jpg,0
data\raw\Persian\persian_00045_84f33505.jpg,2
data\raw\Ragdoll\ragdoll_0128.jpg,0
data\raw\Persian\44168540_930.jpg,2
data\raw\Pallas\pallas_fec71689c8d5f544_fec71689.jpg,4
data\raw\Pallas\pallas_fd0f1436b2730168_fd0f1436.jpg,4
data\raw\Persian\46681412_23.jpg,2
data\raw\Ragdoll\ragdoll_0149.jpg,0
data\raw\Singapura\singapura_00264_10bbe3d1.jpg,1
data\raw\Singapura\singapura_0012.jpg,1
data\raw\Sphynx\sphynx_00072_eba7fadc.jpg,3
data\raw\Singapura\singapura_0014.jpg,1
data\raw\Singapura\singapura_00016_7deff88b.jpg,1
data\raw\Pallas\pallas_a53049303a258432_a5304930.jpg,4
data\raw\Persian\46609912_10709.jpg,2
data\raw\Sphynx\37768901_94.jpg,3
data\raw\Ragdoll\ragdoll_00158_6e441f1c.jpg,0
data\raw\Singapura\singapura_3582a3be11522cb2.jpeg,1
data\raw\Sphynx\39466613_73.jpg,3
data\raw\Persian\43789432_1092.jpg,2
data\raw\Sphynx\sphynx_00110_8fc3d985.jpg,3
data\raw\Sphynx\sphynx_00240_c3b94231.jpg,3
data\raw\Singapura\singapura_f3067faefb84637a.jpeg,1
data\raw\Ragdoll\ragdoll_00175_c57ae88a.jpg,0
data\raw\Singapura\singapura_00177_76b3833d.jpg,1
data\raw\Pallas\pallas_0026.jpg,4
data\raw\Pallas\pallas_0062.jpg,4
data\raw\Persian\persian_00324_84763dfe.jpg,2
data\raw\Ragdoll\ragdoll_00432_83679988.jpg,0
data\raw\Persian\44410192_841.jpg,2
data\raw\Sphynx\sphynx_00232_64c251cd.jpg,3
data\raw\Singapura\singapura_00151_b1ef0e9a.jpg,1
data\raw\Persian\44285823_885.jpg,2
data\raw\Singapura\singapura_0057.jpg,1
data\raw\Sphynx\Sphynx_2.jpg,3
data\raw\Pallas\pallas_be16eb6aa3a28915_264e4417.jpg,4
data\raw\Persian\44837733_679.jpg,2
data\raw\Ragdoll\ragdoll_0035.jpg,0
data\raw\Pallas\pallas_0152.jpg,4
data\raw\Pallas\pallas_7667318890c36e6c_76673188.jpg,4
data\raw\Sphynx\sphynx_00029_5bc56a03.jpg,3
data\raw\Ragdoll\ragdoll_0124.jpg,0
data\raw\Persian\46712699_14.jpg,2
data\raw\Singapura\singapura_00190_ce1088c9.jpg,1
data\raw\Sphynx\43145381_35.jpg,3
data\raw\Sphynx\Sphynx_58.jpg,3
data\raw\Persian\44205387_922.jpg,2
data\raw\Singapura\singapura_c2c817f1b2c785bb.jpeg,1
data\raw\Singapura\singapura_00248_dc1bc8b4.jpg,1
data\raw\Pallas\pallas_snipaste-2026-07-15-14-18-23_5c0e920a.jpg,4
data\raw\Persian\43832489_1074.jpg,2
data\raw\Persian\persian_00048_014acd15.jpg,2
data\raw\Pallas\pallas_0038.jpg,4
data\raw\Singapura\singapura_00312_6b564a9f.jpg,1
data\raw\Persian\44333771_868.jpg,2
data\raw\Pallas\pallas_e15af80d09792e83_614a10db.jpg,4
data\raw\Pallas\pallas_snipaste-2026-07-15-14-24-22_c240fa42.jpg,4
data\raw\Ragdoll\ragdoll_00070_6403a62b.jpg,0
data\raw\Pallas\pallas_957d9a504a721195_c33b07d6.jpg,4
data\raw\Persian\persian_00126_6a80e027.jpg,2
data\raw\Singapura\singapura_4fcb5839383a7b60.jpg,1
data\raw\Singapura\singapura_1-00001_c65ba6c8.jpg,1
data\raw\Persian\44711477_730.jpg,2
data\raw\Persian\44931404_637.jpg,2
data\raw\Singapura\singapura_00236_e07355c6.jpg,1
data\raw\Ragdoll\ragdoll_0194.jpg,0
data\raw\Ragdoll\25426097_6189.jpg,0
data\raw\Pallas\pallas_0022.jpg,4
data\raw\Sphynx\38808161_82.jpg,3
data\raw\Sphynx\22788985_252.jpg,3
data\raw\Singapura\singapura_0001.jpg,1
data\raw\Pallas\pallas_9e9df5a3d27a5211_9e9df5a3.jpg,4
data\raw\Persian\persian_00224_2024a8d0.jpg,2
data\raw\Pallas\pallas_0c359fd230481eb2_0c359fd2.jpg,4
data\raw\Singapura\singapura_00017_faa5a4bd.jpg,1
data\raw\Pallas\pallas_1292608ae488be7c_1292608a.jpg,4
data\raw\Sphynx\Sphynx_24.jpg,3
data\raw\Persian\44817333_688.jpg,2
data\raw\Pallas\pallas_0135.jpg,4
data\raw\Persian\43881032_1062.jpg,2
data\raw\Pallas\pallas_0078.jpg,4
data\raw\Ragdoll\ragdoll_00433_09fffb6a.jpg,0
data\raw\Sphynx\sphynx_00090_90dbd314.jpg,3
data\raw\Pallas\pallas_c5a0a52fad8c2a3f_ce1700d5.jpg,4
data\raw\Sphynx\sphynx_00141_da186fcb.jpg,3
data\raw\Persian\persian_00346_0d86fa46.jpg,2
data\raw\Ragdoll\ragdoll_00071_e426c5c7.jpg,0
data\raw\Ragdoll\ragdoll_00402_bde83607.jpg,0
data\raw\Sphynx\34687348_121.jpg,3
data\raw\Pallas\pallas_0031.jpg,4
data\raw\Ragdoll\ragdoll_0129.jpg,0
data\raw\Pallas\pallas_ee158ba67c0fd6fa_ee158ba6.jpg,4
data\raw\Ragdoll\25327208_6216.jpg,0
data\raw\Sphynx\20344026_268.jpg,3
data\raw\Persian\44648289_756.jpg,2
data\raw\Ragdoll\ragdoll_00154_6beebdda.jpg,0
data\raw\Pallas\pallas_be52eff789fcb507_be52eff7.jpg,4
data\raw\Singapura\singapura_756e93c55358906a.jpg,1
data\raw\Pallas\pallas_0084.jpg,4
data\raw\Pallas\pallas_0086.jpg,4
data\raw\Persian\44932248_632.jpg,2
data\raw\Persian\44907949_654.jpg,2
data\raw\Sphynx\32674679_156.jpg,3
data\raw\Ragdoll\ragdoll_00410_aa52f308.jpg,0
data\raw\Sphynx\sphynx_00128_8e71854c.jpg,3
data\raw\Sphynx\sphynx_00249_a89afad6.jpg,3
data\raw\Singapura\singapura_44dc74e0f040c312.jpg,1
data\raw\Persian\46550829_18618.jpg,2
data\raw\Ragdoll\ragdoll_0169.jpg,0
data\raw\Pallas\pallas_3f6a016eeb9c0a44_3f6a016e.jpg,4
data\raw\Sphynx\35177047_116.jpg,3
data\raw\Pallas\pallas_0003.jpg,4
data\raw\Singapura\singapura_580809474bfc8fea.jpeg,1
data\raw\Ragdoll\ragdoll_00449_45769162.jpg,0
data\raw\Sphynx\Sphynx_51.jpg,3
data\raw\Sphynx\Sphynx_23.jpg,3
data\raw\Pallas\pallas_0151.jpg,4
data\raw\Pallas\pallas_0044.jpg,4
data\raw\Pallas\P27_jpg.rf.v2Lwx1lsVeCe1IPER576.jpg,4
data\raw\Ragdoll\ragdoll_00038_93fbed8d.jpg,0
data\raw\Pallas\pallas_d5cdf8c7806ec144_d5cdf8c7.jpg,4
data\raw\Sphynx\sphynx_00129_bc19fdfb.jpg,3
data\raw\Sphynx\sphynx_00145_1502d458.jpg,3
data\raw\Persian\44926873_642.jpg,2
data\raw\Singapura\singapura_00110_10f09baf.jpg,1
data\raw\Pallas\pallas_0095.jpg,4
data\raw\Persian\44945422_623.jpg,2
data\raw\Pallas\pallas_d5d90ccfdb63fb09_d5d90ccf.jpg,4
data\raw\Ragdoll\ragdoll_00430_e93c70b3.jpg,0
data\raw\Pallas\pallas_e83baa9521736775_e83baa95.jpg,4
data\raw\Persian\44398747_846.jpg,2
data\raw\Ragdoll\ragdoll_0085.jpg,0
data\raw\Singapura\singapura_18c6fb111dbbe52f.jpg,1
data\raw\Pallas\pallas_0128.jpg,4
data\raw\Persian\43753499_1107.jpg,2
data\raw\Singapura\singapura_00079_d2a13f03.jpg,1
data\raw\Persian\persian_00078_0ee2ad16.jpg,2
data\raw\Persian\persian_00233_9abfa7a6.jpg,2
data\raw\Pallas\P9_jpg.rf.24cv9qdtZGrrhvkiHJft.jpg,4
data\raw\Persian\44951977_621.jpg,2
data\raw\Singapura\singapura_5fb48c79f31b4243.jpg,1
data\raw\Persian\41542819_1845.jpg,2
data\raw\Singapura\singapura_00230_fd023ed2.jpg,1
data\raw\Pallas\pallas_b4b20aee5df3aece_b4b20aee.jpg,4
data\raw\Pallas\pallas_0079.jpg,4
data\raw\Ragdoll\25202855_6263.jpg,0
data\raw\Ragdoll\ragdoll_0122.jpg,0
data\raw\Pallas\pallas_785bcd6a1c1a05fc_785bcd6a.jpg,4
data\raw\Sphynx\Sphynx_8.jpg,3
data\raw\Singapura\singapura_00015_968e8595.jpg,1
data\raw\Sphynx\sphynx_00265_118689c1.jpg,3
data\raw\Singapura\singapura_0f5460b449919123.jpeg,1
data\raw\Singapura\singapura_585441d7d82bc364.jpeg,1
data\raw\Pallas\pallas_0014.jpg,4
data\raw\Ragdoll\ragdoll_00390_9c694686.jpg,0
data\raw\Singapura\singapura_2071e714a30c1fb2.jpeg,1
data\raw\Persian\43897931_1049.jpg,2
data\raw\Pallas\pallas_0085.jpg,4
data\raw\Singapura\singapura_1-00005_c002c865.jpg,1
data\raw\Persian\46694522_21.jpg,2
data\raw\Persian\persian_00345_4bfd0a16.jpg,2
data\raw\Ragdoll\ragdoll_1-00013_31d71475.jpg,0
data\raw\Singapura\singapura_00054_2391e2ae.jpg,1
data\raw\Pallas\pallas_c19a5fc9fa0a41cc_c19a5fc9.jpg,4
data\raw\Singapura\singapura_00118_45ea7613.jpg,1
data\raw\Singapura\singapura_00311_5ea64a65.jpg,1
data\raw\Ragdoll\ragdoll_0011.jpg,0
data\raw\Ragdoll\36866559_2744.jpg,0
data\raw\Persian\41555156_1844.jpg,2
data\raw\Sphynx\sphynx_00337_cc872146.jpg,3
data\raw\Ragdoll\ragdoll_00426_40d63ed0.jpg,0
data\raw\Singapura\singapura_00091_cc717f08.jpg,1
data\raw\Pallas\pallas_4f19694e694e25da_4f19694e.jpg,4
data\raw\Sphynx\20301678_271.jpg,3
data\raw\Ragdoll\ragdoll_0082.jpg,0
data\raw\Singapura\singapura_885d1b712c26339e.jpg,1
data\raw\Sphynx\Sphynx_17.jpg,3
data\raw\Singapura\singapura_1-00008_c392ff7d.jpg,1
data\raw\Pallas\P13_jpg.rf.QhBBv3D4SznbRGsNfosW.jpg,4
data\raw\Pallas\pallas_c392c5d81a969b60_c392c5d8.jpg,4
data\raw\Persian\46728445_1.jpg,2
data\raw\Sphynx\44154257_26.jpg,3
data\raw\Ragdoll\ragdoll_00069_8818f21c.jpg,0
data\raw\Sphynx\sphynx_00079_21910270.jpg,3
data\raw\Ragdoll\ragdoll_00012_c9f98a01.jpg,0
data\raw\Singapura\singapura_0010.jpg,1
data\raw\Persian\46612702_53.jpg,2
data\raw\Ragdoll\ragdoll_1-00034_d732ef2e.jpg,0
data\raw\Sphynx\sphynx_00196_5774a938.jpg,3
data\raw\Persian\46451686_29621.jpg,2
data\raw\Ragdoll\ragdoll_00080_eeeec8d3.jpg,0
data\raw\Ragdoll\ragdoll_0029.jpg,0
data\raw\Singapura\singapura_00020_6df17691.jpg,1
data\raw\Singapura\singapura_00059_31a86de4.jpg,1
data\raw\Persian\persian_00277_aebeddff.jpg,2
data\raw\Pallas\pallas_0127.jpg,4
data\raw\Singapura\singapura_f6efb39859466138.jpg,1
data\raw\Persian\persian_00339_8d7ebecc.jpg,2
data\raw\Pallas\P33_jpg.rf.Wl9gruecjhwQgn319lLq.jpg,4
data\raw\Singapura\singapura_0003.jpg,1
data\raw\Sphynx\25949037_223.jpg,3
data\raw\Sphynx\23363345_246.jpg,3
data\raw\Singapura\singapura_00006_4799d91d.jpg,1
data\raw\Ragdoll\ragdoll_00019_29514def.jpg,0
data\raw\Singapura\singapura_0015.jpg,1
data\raw\Persian\persian_00115_f120830e.jpg,2
data\raw\Pallas\P47_jpg.rf.GLA3UKmoYI0aN99bpi6s.jpg,4
data\raw\Persian\persian_00180_e15e4038.jpg,2
data\raw\Singapura\singapura_b23ef8c046001ac0.jpg,1
data\raw\Pallas\P48_jpg.rf.M8vt9UhZf6dJDp7QX2t2.jpg,4
data\raw\Ragdoll\ragdoll_0167.jpg,0
data\raw\Singapura\singapura_eeb54a953eed1b07.jpg,1
data\raw\Pallas\pallas_b766b940c3cb4df1_67a8f4a5.jpg,4
data\raw\Sphynx\41980709_56.jpg,3
data\raw\Ragdoll\ragdoll_0162.jpg,0
data\raw\Persian\44522197_805.jpg,2
data\raw\Sphynx\sphynx_00353_4e1b9ddf.jpg,3
data\raw\Persian\persian_00056_1ab7b442.jpg,2
data\raw\Singapura\singapura_00065_4f36e699.jpg,1
data\raw\Pallas\pallas_18d1db97837dc4ea_18d1db97.jpg,4
data\raw\Singapura\singapura_00158_c95db56b.jpg,1
data\raw\Sphynx\18616270_295.jpg,3
data\raw\Ragdoll\ragdoll_00396_a4a65ab0.jpg,0
data\raw\Sphynx\sphynx_00301_2f07e61f.jpg,3
data\raw\Persian\44801891_697.jpg,2
data\raw\Persian\44557151_788.jpg,2
data\raw\Sphynx\sphynx_00326_7cf0e8a5.jpg,3
data\raw\Singapura\singapura_6de635d24c49e615.jpg,1
data\raw\Singapura\singapura_ed85f0111a139bf9.jpg,1
data\raw\Sphynx\sphynx_00106_0528d3c7.jpg,3
data\raw\Singapura\singapura_00088_c8482c77.jpg,1
data\raw\Persian\44154175_937.jpg,2
data\raw\Singapura\singapura_c7e76f0343c83cce.jpeg,1
data\raw\Sphynx\sphynx_00163_dc9dc8a1.jpg,3
data\raw\Pallas\pallas_0025.jpg,4
data\raw\Persian\persian_00161_79df7264.jpg,2
data\raw\Singapura\singapura_0022.jpg,1
data\raw\Persian\persian_00054_42f5851f.jpg,2
data\raw\Pallas\pallas_0146.jpg,4
data\raw\Persian\persian_00227_02b4312b.jpg,2
data\raw\Singapura\singapura_0054.jpg,1
data\raw\Singapura\singapura_91fa108eab2b2920.jpeg,1
data\raw\Persian\persian_00076_c64c8a8d.jpg,2
data\raw\Sphynx\sphynx_00027_84c17b6c.jpg,3
data\raw\Pallas\pallas_0037.jpg,4
data\raw\Singapura\singapura_00064_8f71d09b.jpg,1
data\raw\Persian\persian_00374_abae6da0.jpg,2
data\raw\Singapura\singapura_77300ca518b5a595.jpeg,1
data\raw\Ragdoll\ragdoll_00359_f1df8249.jpg,0
data\raw\Pallas\pallas_snipaste-2026-07-15-14-18-09_3f2f5e2d.jpg,4
data\raw\Persian\44151722_939.jpg,2
data\raw\Persian\persian_00164_cd71d7a9.jpg,2
data\raw\Ragdoll\ragdoll_00273_7e49efe6.jpg,0
data\raw\Persian\persian_00323_7ea22ce3.jpg,2
data\raw\Sphynx\Sphynx_18.jpg,3
data\raw\Sphynx\sphynx_00019_e96027f6.jpg,3
data\raw\Sphynx\22584781_253.jpg,3
data\raw\Singapura\singapura_65b9effe5f0d6b6d.jpg,1
data\raw\Persian\43900234_1045.jpg,2
data\raw\Ragdoll\ragdoll_00107_8c25795c.jpg,0
data\raw\Pallas\pallas_0015.jpg,4
data\raw\Persian\44686771_738.jpg,2
data\raw\Pallas\pallas_1671969f8afe8804_1671969f.jpg,4
data\raw\Sphynx\sphynx_00195_07f90c6d.jpg,3
data\raw\Persian\44200287_923.jpg,2
data\raw\Ragdoll\25251379_6248.jpg,0
data\raw\Singapura\singapura_00299_c70c805e.jpg,1
data\raw\Persian\persian_00316_d198f67d.jpg,2
data\raw\Singapura\singapura_f3fc5a822441997d.jpeg,1
data\raw\Persian\persian_00099_5cda9c35.jpg,2
data\raw\Ragdoll\ragdoll_00440_a4995b33.jpg,0
data\raw\Singapura\singapura_7eca96273e705166.jpg,1
data\raw\Sphynx\sphynx_00287_3dc0d510.jpg,3
data\raw\Pallas\pallas_0133.jpg,4
data\raw\Persian\persian_00283_f57a69b6.jpg,2
data\raw\Sphynx\sphynx_00202_62316e0b.jpg,3
data\raw\Sphynx\Sphynx_83.jpg,3
data\raw\Persian\persian_00359_1a02d2c3.jpg,2
data\raw\Pallas\pallas_d229089a53a9999d_d229089a.jpg,4
data\raw\Pallas\pallas_0070.jpg,4
data\raw\Singapura\singapura_0045.jpg,1
data\raw\Sphynx\25948935_224.jpg,3
data\raw\Sphynx\sphynx_00206_57497e83.jpg,3
data\raw\Sphynx\sphynx_00024_dc4e2dd7.jpg,3
data\raw\Sphynx\37951370_92.jpg,3
data\raw\Pallas\pallas_0107.jpg,4
data\raw\Sphynx\sphynx_00324_b6b570b1.jpg,3
data\raw\Ragdoll\ragdoll_0044.jpg,0
data\raw\Persian\44572743_778.jpg,2
data\raw\Ragdoll\26194089_5948.jpg,0
data\raw\Singapura\singapura_7d3fd7c92ea48621.jpg,1
data\raw\Sphynx\sphynx_00348_5ea29071.jpg,3
data\raw\Ragdoll\ragdoll_0012.jpg,0
data\raw\Persian\persian_00081_070e00d7.jpg,2
data\raw\Ragdoll\ragdoll_0003.jpg,0
data\raw\Persian\persian_00089_bebd6122.jpg,2
data\raw\Sphynx\Sphynx_102.jpg,3
data\raw\Sphynx\Sphynx_66.jpg,3
data\raw\Sphynx\sphynx_00221_17ddbdec.jpg,3
data\raw\Sphynx\sphynx_00052_0ee8e794.jpg,3
data\raw\Pallas\pallas_9198a9a2e3730450_9013f71b.jpg,4
data\raw\Singapura\singapura_3c3ce21f5c8a781a.jpg,1
data\raw\Sphynx\Sphynx_111.jpg,3
data\raw\Ragdoll\ragdoll_0063.jpg,0
data\raw\Singapura\singapura_16ce787bc4c7d86e.jpg,1
data\raw\Pallas\pallas_8b0afd3587a95668_8b0afd35.jpg,4
data\raw\Ragdoll\ragdoll_00339_5acd601d.jpg,0
data\raw\Persian\persian_00239_874a5d6a.jpg,2
data\raw\Pallas\pallas_1d878771b2a5c5ac_1d878771.jpg,4
data\raw\Ragdoll\25377084_6205.jpg,0
data\raw\Sphynx\Sphynx_114.jpg,3
data\raw\Pallas\pallas_3df483a8fe4427b4_3df483a8.jpg,4
data\raw\Sphynx\31183581_178.jpg,3
data\raw\Persian\persian_00077_b6740f2c.jpg,2
data\raw\Pallas\pallas_6bfe9d88cbafabeb_6bfe9d88.jpg,4
data\raw\Pallas\pallas_0018.jpg,4
data\raw\Pallas\pallas_0132.jpg,4
data\raw\Singapura\singapura_94f46a9855295533.jpeg,1
data\raw\Persian\44931630_634.jpg,2
data\raw\Persian\44639351_758.jpg,2
data\raw\Sphynx\sphynx_00025_0d314eb1.jpg,3
data\raw\Persian\43887982_1058.jpg,2
data\raw\Singapura\singapura_b855c99f8de1ebc1.jpg,1
data\raw\Ragdoll\ragdoll_0190.jpg,0
data\raw\Persian\44780921_702.jpg,2
data\raw\Ragdoll\ragdoll_0151.jpg,0
data\raw\Ragdoll\ragdoll_0014.jpg,0
data\raw\Persian\44285829_884.jpg,2
data\raw\Persian\persian_00016_d67b15b7.jpg,2
data\raw\Singapura\singapura_0016.jpg,1
data\raw\Sphynx\sphynx_00101_ea8dbcd1.jpg,3
data\raw\Sphynx\sphynx_00020_4cc0faed.jpg,3
data\raw\Ragdoll\ragdoll_00182_9d157c52.jpg,0
data\raw\Persian\persian_00329_c1a2b1cd.jpg,2
data\raw\Singapura\singapura_00163_0daaf9d8.jpg,1
data\raw\Singapura\singapura_00136_13902249.jpg,1
data\raw\Ragdoll\26281971_5918.jpg,0
data\raw\Persian\44963086_607.jpg,2
data\raw\Singapura\singapura_00308_544aa74e.jpg,1
data\raw\Persian\44159575_934.jpg,2
data\raw\Singapura\singapura_0030.jpg,1
data\raw\Singapura\singapura_ccf775d9a48a85b2.jpg,1
data\raw\Sphynx\46353437_39538.jpg,3
data\raw\Ragdoll\26275444_5921.jpg,0
data\raw\Persian\persian_00311_4737c1ca.jpg,2
data\raw\Ragdoll\ragdoll_0013.jpg,0
data\raw\Persian\persian_00279_9a70a5bc.jpg,2
data\raw\Sphynx\28372568_199.jpg,3
data\raw\Persian\46533583_20646.jpg,2
data\raw\Sphynx\37143216_103.jpg,3
data\raw\Ragdoll\ragdoll_0105.jpg,0
data\raw\Sphynx\Sphynx_65.jpg,3
data\raw\Ragdoll\ragdoll_00022_de40c7bc.jpg,0
data\raw\Persian\persian_00122_9ed20bba.jpg,2
data\raw\Sphynx\Sphynx_82.jpg,3
data\raw\Sphynx\Sphynx_1.jpg,3
data\raw\Singapura\singapura_00145_73146d9d.jpg,1
data\raw\Singapura\singapura_02afd955318dc0e9.jpeg,1
data\raw\Pallas\pallas_549419152171d091_54941915.jpg,4
data\raw\Persian\46723525_8.jpg,2
data\raw\Ragdoll\ragdoll_0078.jpg,0
data\raw\Ragdoll\25397970_6198.jpg,0
data\raw\Persian\persian_00232_d8f40c42.jpg,2
data\raw\Persian\persian_00015_6fe65964.jpg,2
data\raw\Persian\46639260_43.jpg,2
data\raw\Persian\44790196_700.jpg,2
data\raw\Persian\46543037_72.jpg,2
data\raw\Pallas\pallas_8646d3e58fad6797_8646d3e5.jpg,4
data\raw\Persian\44426046_832.jpg,2
data\raw\Persian\persian_00298_e296a3a6.jpg,2
data\raw\Sphynx\26327730_218.jpg,3
data\raw\Ragdoll\ragdoll_00340_5d456693.jpg,0
data\raw\Ragdoll\ragdoll_0146.jpg,0
data\raw\Pallas\pallas_1975ab21fca289fd_df5a09a9.jpg,4
data\raw\Persian\44112402_959.jpg,2
data\raw\Ragdoll\ragdoll_00372_93dd782c.jpg,0
data\raw\Pallas\P3_jpg.rf.8udI3X9piENlQKzwcSWM.jpg,4
data\raw\Pallas\P18_jpg.rf.nJcFZwDa6nOsWgIwUPKY.jpg,4
data\raw\Singapura\singapura_00243_c0709825.jpg,1
data\raw\Persian\44160875_932.jpg,2
data\raw\Persian\persian_00066_8bd89261.jpg,2
data\raw\Ragdoll\ragdoll_00129_f55f9fbe.jpg,0
data\raw\Persian\44381764_855.jpg,2
data\raw\Sphynx\41554908_62.jpg,3
data\raw\Sphynx\sphynx_00064_844f1a25.jpg,3
data\raw\Persian\44402504_844.jpg,2
data\raw\Pallas\pallas_666e9665d209bbae_666e9665.jpg,4
data\raw\Singapura\singapura_00051_d974e50d.jpg,1
data\raw\Persian\persian_00300_8c177366.jpg,2
data\raw\Sphynx\sphynx_00271_387693b9.jpg,3
data\raw\Pallas\pallas_0120.jpg,4
data\raw\Sphynx\sphynx_00360_9ed4a541.jpg,3
data\raw\Sphynx\42893093_46.jpg,3
data\raw\Persian\46447908_30100.jpg,2
data\raw\Sphynx\sphynx_00051_6b470e63.jpg,3
data\raw\Persian\44285813_886.jpg,2
data\raw\Singapura\singapura_00278_09c16d7c.jpg,1
data\raw\Pallas\pallas_c16be4a6ec7c10d1_c16be4a6.jpg,4
data\raw\Pallas\pallas_0090.jpg,4
data\raw\Pallas\pallas_bfb123616ab678c9_bfb12361.jpg,4
data\raw\Ragdoll\25315829_6222.jpg,0
data\raw\Pallas\pallas_0076.jpg,4
data\raw\Pallas\pallas_0041.jpg,4
data\raw\Singapura\singapura_00073_d407a6cd.jpg,1
data\raw\Sphynx\Sphynx_94.jpg,3
data\raw\Sphynx\25397312_227.jpg,3
data\raw\Pallas\pallas_0da714844835ec06_0da71484.jpg,4
data\raw\Sphynx\sphynx_00036_7192ca3b.jpg,3
data\raw\Persian\persian_00282_dfa593bd.jpg,2
data\raw\Singapura\singapura_00252_c34afb35.jpg,1
data\raw\Sphynx\Sphynx_95.jpg,3
data\raw\Singapura\singapura_00129_59ea2922.jpg,1
data\raw\Singapura\singapura_00229_63c3bc5b.jpg,1
data\raw\Persian\41567597_1840.jpg,2
data\raw\Persian\44100856_962.jpg,2
data\raw\Sphynx\27921262_203.jpg,3
data\raw\Sphynx\sphynx_00157_5362072f.jpg,3
data\raw\Pallas\pallas_2920d5e6adbf3055_0c66be4b.jpg,4
data\raw\Singapura\singapura_00315_2e882bb5.jpg,1
data\raw\Persian\43789413_1094.jpg,2
data\raw\Persian\46533586_20645.jpg,2
data\raw\Sphynx\33187075_148.jpg,3
data\raw\Pallas\pallas_430eeeda97018594_7baca25f.jpg,4
data\raw\Singapura\singapura_ce74f775aae6bb45.jpg,1
data\raw\Sphynx\Sphynx_96.jpg,3
data\raw\Sphynx\Sphynx_43.jpg,3
data\raw\Sphynx\Sphynx_4.jpg,3
data\raw\Pallas\pallas_0058.jpg,4
data\raw\Sphynx\Sphynx_110.jpg,3
data\raw\Sphynx\sphynx_00131_3bb096b0.jpg,3
data\raw\Persian\43747888_1112.jpg,2
data\raw\Persian\persian_00250_f321e409.jpg,2
data\raw\Persian\persian_00333_2cf7dded.jpg,2
data\raw\Ragdoll\26233774_5935.jpg,0
